"id_i","parent_id_i","path_i","type_i","name_s","columnType_s","dataType_s","comment_s","description_s","supported_s","order_s","label_s","isEngine_s","length_s","partition_s","partitionOrder_s","columnSize_s","fractionalDigits_s","columnTypeNumber_s","primaryKey_s","foreignKey_s","nullable_s","entityType_s","entityName_s","from_h","to_h"
"202e490b-af4a-411a-903b-e1e75e4e7c85","1589346f-d5b5-4400-9a13-ad3f733c70ea","/sources/locations/catalogItems/attributes","tableAttribute","meta_last_update",,"DAY",,,,"1",,,,,,,,,"false","false",,,,"93",
"6da73afb-8ff3-436c-9e69-e20eaaf527a5","1589346f-d5b5-4400-9a13-ad3f733c70ea","/sources/locations/catalogItems/attributes","tableAttribute","src_address",,"STRING",,,,"2",,,,,,,,,"false","false",,,,"93",
"93b9e3c2-1cfb-47c0-95a3-47e43236f238","1589346f-d5b5-4400-9a13-ad3f733c70ea","/sources/locations/catalogItems/attributes","tableAttribute","src_birth_date",,"STRING",,,,"3",,,,,,,,,"false","false",,,,"93",
"6718299d-e931-454a-b9ee-7bbf628c57e8","1589346f-d5b5-4400-9a13-ad3f733c70ea","/sources/locations/catalogItems/attributes","tableAttribute","src_card",,"STRING",,,,"4",,,,,,,,,"false","false",,,,"93",
"0fb027e1-e680-496f-91a6-f43fb1b1e4eb","1589346f-d5b5-4400-9a13-ad3f733c70ea","/sources/locations/catalogItems/attributes","tableAttribute","src_email",,"STRING",,,,"5",,,,,,,,,"false","false",,,,"93",
"1594ffae-ac27-447f-9204-4e412d1aecc7","1589346f-d5b5-4400-9a13-ad3f733c70ea","/sources/locations/catalogItems/attributes","tableAttribute","src_gender",,"STRING",,,,"6",,,,,,,,,"false","false",,,,"93",
"8b2b919f-8357-4377-943b-99ca6718b4f3","1589346f-d5b5-4400-9a13-ad3f733c70ea","/sources/locations/catalogItems/attributes","tableAttribute","src_name",,"STRING",,,,"7",,,,,,,,,"false","false",,,,"93",
"f231b0ad-ccd0-4aa5-b2f0-728c01822367","1589346f-d5b5-4400-9a13-ad3f733c70ea","/sources/locations/catalogItems/attributes","tableAttribute","src_primary_key",,"LONG",,,,"8",,,,,,,,,"false","false",,,,"93",
"2ece8b69-df78-4a95-abf9-cdbea8ebb252","1589346f-d5b5-4400-9a13-ad3f733c70ea","/sources/locations/catalogItems/attributes","tableAttribute","src_sin",,"STRING",,,,"9",,,,,,,,,"false","false",,,,"93",
"a1e49ab8-132f-456f-b376-29aab085247d","ac24dba7-9bb3-4068-9f5a-d8e8b9667998","/sources/locations/catalogItems/attributes","tableAttribute","text_test",,"STRING",,,,"1",,,,,,,,,"false","false",,,,"93",
"421e437e-ffa2-4f53-9670-63a6c6f8680c","ac24dba7-9bb3-4068-9f5a-d8e8b9667998","/sources/locations/catalogItems/attributes","tableAttribute","time_test",,"DATETIME",,,,"2",,,,,,,,,"false","false",,,,"93",
"8bd30da0-535f-4ae5-8dff-c894ce639353","ac24dba7-9bb3-4068-9f5a-d8e8b9667998","/sources/locations/catalogItems/attributes","tableAttribute","timestamp_test",,"DATETIME",,,,"3",,,,,,,,,"false","false",,,,"93",
"e04feff4-9b11-4eb9-9a1e-0d2a86afaec6","ac24dba7-9bb3-4068-9f5a-d8e8b9667998","/sources/locations/catalogItems/attributes","tableAttribute","tinyblob_test",,"BINARY",,,,"4",,,,,,,,,"false","false",,,,"93",
"405a17c6-e871-4575-984a-8217313bb51c","ac24dba7-9bb3-4068-9f5a-d8e8b9667998","/sources/locations/catalogItems/attributes","tableAttribute","tinyint_test",,"INTEGER",,,,"5",,,,,,,,,"false","false",,,,"93",
"900a539f-7be0-4d8f-8c84-074837044f5f","ac24dba7-9bb3-4068-9f5a-d8e8b9667998","/sources/locations/catalogItems/attributes","tableAttribute","arr_bit_test",,"BOOLEAN",,,,"6",,,,,,,,,"false","false",,,,"93",
"9bd78525-0ddb-4749-ac69-4a4873d32f13","ac24dba7-9bb3-4068-9f5a-d8e8b9667998","/sources/locations/catalogItems/attributes","tableAttribute","bigint_test",,"LONG",,,,"7",,,,,,,,,"false","false",,,,"93",
"f2ba4339-d5bf-45f2-86fb-aad5ba0daff9","ac24dba7-9bb3-4068-9f5a-d8e8b9667998","/sources/locations/catalogItems/attributes","tableAttribute","binary_test",,"BINARY",,,,"8",,,,,,,,,"false","false",,,,"93",
"da4cf77d-207b-4b48-8a8d-2bad572b5435","ac24dba7-9bb3-4068-9f5a-d8e8b9667998","/sources/locations/catalogItems/attributes","tableAttribute","blob_test",,"BINARY",,,,"9",,,,,,,,,"false","false",,,,"93",
"e661193b-a271-4281-a80e-a30a2abe367a","ac24dba7-9bb3-4068-9f5a-d8e8b9667998","/sources/locations/catalogItems/attributes","tableAttribute","boolen_test",,"INTEGER",,,,"10",,,,,,,,,"false","false",,,,"93",
"22da5ee2-db1d-4e1e-809b-b00942f0c695","ac24dba7-9bb3-4068-9f5a-d8e8b9667998","/sources/locations/catalogItems/attributes","tableAttribute","char_test",,"STRING",,,,"11",,,,,,,,,"false","false",,,,"93",
"8c06cd6a-36bd-446f-b54a-8af4db1e2440","ac24dba7-9bb3-4068-9f5a-d8e8b9667998","/sources/locations/catalogItems/attributes","tableAttribute","date_test",,"DAY",,,,"12",,,,,,,,,"false","false",,,,"93",
"ed03b510-b009-48f1-922a-68e3f91a40b1","ac24dba7-9bb3-4068-9f5a-d8e8b9667998","/sources/locations/catalogItems/attributes","tableAttribute","datetime_test",,"DATETIME",,,,"13",,,,,,,,,"false","false",,,,"93",
"8223b04d-86a7-4048-b7b3-0c6e5cd517f3","ac24dba7-9bb3-4068-9f5a-d8e8b9667998","/sources/locations/catalogItems/attributes","tableAttribute","decimal_test",,"FLOAT",,,,"14",,,,,,,,,"false","false",,,,"93",
"90e904b4-2a63-4fd2-802b-42e4b6eb7b47","ac24dba7-9bb3-4068-9f5a-d8e8b9667998","/sources/locations/catalogItems/attributes","tableAttribute","double_test",,"FLOAT",,,,"15",,,,,,,,,"false","false",,,,"93",
"541828a8-a831-412f-92c1-4915266b7381","ac24dba7-9bb3-4068-9f5a-d8e8b9667998","/sources/locations/catalogItems/attributes","tableAttribute","float_test",,"FLOAT",,,,"16",,,,,,,,,"false","false",,,,"93",
"27beba60-c022-4f14-a78a-649b174190a8","ac24dba7-9bb3-4068-9f5a-d8e8b9667998","/sources/locations/catalogItems/attributes","tableAttribute","int_test",,"LONG",,,,"17",,,,,,,,,"false","false",,,,"93",
"9d1ff12a-958e-4090-adea-329d180cc833","ac24dba7-9bb3-4068-9f5a-d8e8b9667998","/sources/locations/catalogItems/attributes","tableAttribute","json_test",,"STRING",,,,"18",,,,,,,,,"false","false",,,,"93",
"863fc39c-a3cb-41fb-b804-08444850eeb1","ac24dba7-9bb3-4068-9f5a-d8e8b9667998","/sources/locations/catalogItems/attributes","tableAttribute","longblob_test",,"BINARY",,,,"19",,,,,,,,,"false","false",,,,"93",
"e0f1e547-b251-4d15-9b2f-fec1e3d2df0b","ac24dba7-9bb3-4068-9f5a-d8e8b9667998","/sources/locations/catalogItems/attributes","tableAttribute","longtext_test",,"STRING",,,,"20",,,,,,,,,"false","false",,,,"93",
"19bd20eb-e53b-41e9-9ede-5a3a3306eb94","ac24dba7-9bb3-4068-9f5a-d8e8b9667998","/sources/locations/catalogItems/attributes","tableAttribute","mediumblob_test",,"BINARY",,,,"21",,,,,,,,,"false","false",,,,"93",
"bbc57640-6727-4675-b44c-f93d84c4a49d","ac24dba7-9bb3-4068-9f5a-d8e8b9667998","/sources/locations/catalogItems/attributes","tableAttribute","mediumint_test",,"INTEGER",,,,"22",,,,,,,,,"false","false",,,,"93",
"4d718743-89b0-4d80-b9e7-7155680b168c","ac24dba7-9bb3-4068-9f5a-d8e8b9667998","/sources/locations/catalogItems/attributes","tableAttribute","mediumtext_test",,"STRING",,,,"23",,,,,,,,,"false","false",,,,"93",
"7781719f-135f-4cab-87f0-341cc3d24374","ac24dba7-9bb3-4068-9f5a-d8e8b9667998","/sources/locations/catalogItems/attributes","tableAttribute","one_bit_test",,"BOOLEAN",,,,"24",,,,,,,,,"false","false",,,,"93",
"ea124d8d-91cc-4a7e-9105-ab5a4fdf4d45","ac24dba7-9bb3-4068-9f5a-d8e8b9667998","/sources/locations/catalogItems/attributes","tableAttribute","smallint_test",,"INTEGER",,,,"25",,,,,,,,,"false","false",,,,"93",
"f122c102-1d02-42e2-8d35-8582d3b234f2","ac24dba7-9bb3-4068-9f5a-d8e8b9667998","/sources/locations/catalogItems/attributes","tableAttribute","tinytext_test",,"STRING",,,,"26",,,,,,,,,"false","false",,,,"93",
"838d9b32-2ffe-43bd-963e-57ac369e308b","ac24dba7-9bb3-4068-9f5a-d8e8b9667998","/sources/locations/catalogItems/attributes","tableAttribute","varbinary_test",,"BINARY",,,,"27",,,,,,,,,"false","false",,,,"93",
"a307fb91-e266-4ec7-a54f-fd5512b15cff","ac24dba7-9bb3-4068-9f5a-d8e8b9667998","/sources/locations/catalogItems/attributes","tableAttribute","varchar_test",,"STRING",,,,"28",,,,,,,,,"false","false",,,,"93",
"29c6735c-2afd-45e5-b1d2-d2fc22d696b4","ac24dba7-9bb3-4068-9f5a-d8e8b9667998","/sources/locations/catalogItems/attributes","tableAttribute","year_test",,"DAY",,,,"29",,,,,,,,,"false","false",,,,"93",
"d8043c2c-7b08-4499-9f97-aba78d9e7d1e","45c7e69c-6025-4843-9096-07ab08931a43","/sources/locations/catalogItems/attributes","tableAttribute","addressid",,"LONG",,,,"1",,,,,,,,,"false","false",,,,"93",
"aeb2750f-1378-4e9f-a8ff-538716202590","45c7e69c-6025-4843-9096-07ab08931a43","/sources/locations/catalogItems/attributes","tableAttribute","addressline1",,"STRING",,,,"2",,,,,,,,,"false","false",,,,"93",
"b4b457e6-6a66-494e-981c-4fb647155985","45c7e69c-6025-4843-9096-07ab08931a43","/sources/locations/catalogItems/attributes","tableAttribute","addressline2",,"STRING",,,,"3",,,,,,,,,"false","false",,,,"93",
"18b28dbb-70a6-43de-9280-50ba6ca35c83","45c7e69c-6025-4843-9096-07ab08931a43","/sources/locations/catalogItems/attributes","tableAttribute","city",,"STRING",,,,"4",,,,,,,,,"false","false",,,,"93",
"7499bae7-c2f5-4c29-9c43-4f2b26631d3e","45c7e69c-6025-4843-9096-07ab08931a43","/sources/locations/catalogItems/attributes","tableAttribute","modifieddate",,"DATETIME",,,,"5",,,,,,,,,"false","false",,,,"93",
"decb5e02-3dc8-47f2-82c8-18de91842120","45c7e69c-6025-4843-9096-07ab08931a43","/sources/locations/catalogItems/attributes","tableAttribute","postalcode",,"STRING",,,,"6",,,,,,,,,"false","false",,,,"93",
"3f2800f5-98a3-45cf-8613-aec19c48fcd8","45c7e69c-6025-4843-9096-07ab08931a43","/sources/locations/catalogItems/attributes","tableAttribute","rowguid",,"STRING",,,,"7",,,,,,,,,"false","false",,,,"93",
"6c846702-e2e8-424d-8b0a-2a8d73fd690d","45c7e69c-6025-4843-9096-07ab08931a43","/sources/locations/catalogItems/attributes","tableAttribute","spatiallocation",,"STRING",,,,"8",,,,,,,,,"false","false",,,,"93",
"fcc88459-692f-46b1-98cd-7b047fa4f37c","45c7e69c-6025-4843-9096-07ab08931a43","/sources/locations/catalogItems/attributes","tableAttribute","stateprovinceid",,"LONG",,,,"9",,,,,,,,,"false","false",,,,"93",
"c271635a-e3b0-499e-9bc3-81b8ae28a480","0726c74e-fc9e-40ad-a29d-23ec1dac8769","/sources/locations/catalogItems/attributes","tableAttribute","addresstypeid",,"LONG",,,,"1",,,,,,,,,"false","false",,,,"93",
"808fef47-5dc8-4e60-8e91-e914cf18dec7","0726c74e-fc9e-40ad-a29d-23ec1dac8769","/sources/locations/catalogItems/attributes","tableAttribute","modifieddate",,"DATETIME",,,,"2",,,,,,,,,"false","false",,,,"93",
"75642c37-8e88-4241-9a50-4f801eb47ade","0726c74e-fc9e-40ad-a29d-23ec1dac8769","/sources/locations/catalogItems/attributes","tableAttribute","name",,"STRING",,,,"3",,,,,,,,,"false","false",,,,"93",
"77215050-8ce9-4b12-94d9-2bc9265c2c07","0726c74e-fc9e-40ad-a29d-23ec1dac8769","/sources/locations/catalogItems/attributes","tableAttribute","rowguid",,"STRING",,,,"4",,,,,,,,,"false","false",,,,"93",
"d84f1d2d-5e64-412e-adda-3f939cccd750","2cd8758f-621d-44d4-a0e9-af801176915f","/sources/locations/catalogItems/attributes","tableAttribute","businessentityid",,"LONG",,,,"1",,,,,,,,,"false","false",,,,"93",
"b26cf80b-e059-4988-bc49-49dc36f74c72","2cd8758f-621d-44d4-a0e9-af801176915f","/sources/locations/catalogItems/attributes","tableAttribute","modifieddate",,"DATETIME",,,,"2",,,,,,,,,"false","false",,,,"93",
"fbd18fb9-bcca-4b23-b071-7cab8646d9aa","2cd8758f-621d-44d4-a0e9-af801176915f","/sources/locations/catalogItems/attributes","tableAttribute","rowguid",,"STRING",,,,"3",,,,,,,,,"false","false",,,,"93",
"152b87ff-9af1-4359-8b5f-1cc911790d01","11fbfa28-5b37-4e8b-b0f2-c3aa7d85c559","/sources/locations/catalogItems/attributes","tableAttribute","addressid",,"LONG",,,,"1",,,,,,,,,"true","true","false",,,"93",
"62ed0535-7504-48a5-9b1c-9fa7e82ea077","11fbfa28-5b37-4e8b-b0f2-c3aa7d85c559","/sources/locations/catalogItems/attributes","tableAttribute","addresstypeid",,"LONG",,,,"2",,,,,,,,,"true","true","false",,,"93",
"169b73e6-9735-4494-9a17-b0ec300940af","11fbfa28-5b37-4e8b-b0f2-c3aa7d85c559","/sources/locations/catalogItems/attributes","tableAttribute","businessentityid",,"LONG",,,,"3",,,,,,,,,"true","true","false",,,"93",
"001ad79a-a73c-4cae-8ae2-781167823a4b","11fbfa28-5b37-4e8b-b0f2-c3aa7d85c559","/sources/locations/catalogItems/attributes","tableAttribute","modifieddate",,"DATETIME",,,,"4",,,,,,,,,"false","false","false",,,"93",
"f44f4441-d688-4f95-84c3-f72ddb05d35d","11fbfa28-5b37-4e8b-b0f2-c3aa7d85c559","/sources/locations/catalogItems/attributes","tableAttribute","rowguid",,"STRING",,,,"5",,,,,,,,,"false","false","false",,,"93",
"df71928d-5e5d-4776-a2e1-23f31fe18815","80306b6a-8939-4795-997a-c6db0c2e7a4a","/sources/locations/catalogItems/attributes","tableAttribute","businessentityid",,"LONG",,,,"1",,,,,,,,,"false","false",,,,"93",
"c644cef2-c293-48db-9743-10c374c78349","80306b6a-8939-4795-997a-c6db0c2e7a4a","/sources/locations/catalogItems/attributes","tableAttribute","contacttypeid",,"LONG",,,,"2",,,,,,,,,"false","false",,,,"93",
"81c7e9b8-af52-4b9b-bdfd-ffc0bd0e6e8b","80306b6a-8939-4795-997a-c6db0c2e7a4a","/sources/locations/catalogItems/attributes","tableAttribute","modifieddate",,"DATETIME",,,,"3",,,,,,,,,"false","false",,,,"93",
"0de2e7ff-0ed6-49c0-95e5-691f2c5b2264","80306b6a-8939-4795-997a-c6db0c2e7a4a","/sources/locations/catalogItems/attributes","tableAttribute","personid",,"LONG",,,,"4",,,,,,,,,"false","false",,,,"93",
"b2c7fd86-ac61-40d3-b365-dfb3c123795e","80306b6a-8939-4795-997a-c6db0c2e7a4a","/sources/locations/catalogItems/attributes","tableAttribute","rowguid",,"STRING",,,,"5",,,,,,,,,"false","false",,,,"93",
"f6b77e01-bbcd-4489-b378-53c0b12a1176","5886850d-5d5a-480c-a1a3-7359c1b1d768","/sources/locations/catalogItems/attributes","tableAttribute","contacttypeid",,"LONG",,,,"1",,,,,,,,,"false","false",,,,"93",
"c03b79ff-da56-4caf-bcdb-80d3e8f5d0e0","5886850d-5d5a-480c-a1a3-7359c1b1d768","/sources/locations/catalogItems/attributes","tableAttribute","modifieddate",,"DATETIME",,,,"2",,,,,,,,,"false","false",,,,"93",
"29d510aa-a52d-4aa1-94f0-2230b99853d4","5886850d-5d5a-480c-a1a3-7359c1b1d768","/sources/locations/catalogItems/attributes","tableAttribute","name",,"STRING",,,,"3",,,,,,,,,"false","false",,,,"93",
"23211473-da59-4cfe-a687-49bf27d148d3","6804c7b5-1b8d-4b08-bf60-511ddc7c4c0b","/sources/locations/catalogItems/attributes","tableAttribute","countryregioncode",,"STRING",,,,"1",,,,,,,,,"false","false",,,,"93",
"efa11d10-1e1c-4d2b-85d8-637517304e73","6804c7b5-1b8d-4b08-bf60-511ddc7c4c0b","/sources/locations/catalogItems/attributes","tableAttribute","modifieddate",,"DATETIME",,,,"2",,,,,,,,,"false","false",,,,"93",
"1a094c81-69be-40d0-96fd-4d1d216f7d73","6804c7b5-1b8d-4b08-bf60-511ddc7c4c0b","/sources/locations/catalogItems/attributes","tableAttribute","name",,"STRING",,,,"3",,,,,,,,,"false","false",,,,"93",
"5a955d8d-cdbd-4122-ba80-6bf0c3e78232","7c4993f7-bb8c-4885-a4e5-d3930d043f8e","/sources/locations/catalogItems/attributes","tableAttribute","businessentityid",,"LONG",,,,"1",,,,,,,,,"false","false",,,,"93",
"cd3b6205-c3e9-4b16-b701-4f6c0c1c9add","7c4993f7-bb8c-4885-a4e5-d3930d043f8e","/sources/locations/catalogItems/attributes","tableAttribute","emailaddress",,"STRING",,,,"2",,,,,,,,,"false","false",,,,"93",
"8f90ef0f-8dab-44c7-aca9-5987a0822c33","7c4993f7-bb8c-4885-a4e5-d3930d043f8e","/sources/locations/catalogItems/attributes","tableAttribute","emailaddressid",,"LONG",,,,"3",,,,,,,,,"false","false",,,,"93",
"810299fd-f152-4bdc-9146-e0383efc7573","7c4993f7-bb8c-4885-a4e5-d3930d043f8e","/sources/locations/catalogItems/attributes","tableAttribute","modifieddate",,"DATETIME",,,,"4",,,,,,,,,"false","false",,,,"93",
"dc9e4914-003e-40c2-8691-1cdc5861f8b7","7c4993f7-bb8c-4885-a4e5-d3930d043f8e","/sources/locations/catalogItems/attributes","tableAttribute","rowguid",,"STRING",,,,"5",,,,,,,,,"false","false",,,,"93",
"c1260a41-680c-4e6b-867d-cd8d22315a21","78e9aeea-38fe-4823-83c2-652dcb23be37","/sources/locations/catalogItems/attributes","tableAttribute","businessentityid",,"LONG",,,,"1",,,,,,,,,"false","false",,,,"93",
"488df655-554b-494f-b41d-83d380854475","78e9aeea-38fe-4823-83c2-652dcb23be37","/sources/locations/catalogItems/attributes","tableAttribute","modifieddate",,"DATETIME",,,,"2",,,,,,,,,"false","false",,,,"93",
"dc966374-ed41-468d-b539-897333ab816c","78e9aeea-38fe-4823-83c2-652dcb23be37","/sources/locations/catalogItems/attributes","tableAttribute","passwordhash",,"STRING",,,,"3",,,,,,,,,"false","false",,,,"93",
"57b0dacc-b580-435c-b302-7e8df72ecf4f","78e9aeea-38fe-4823-83c2-652dcb23be37","/sources/locations/catalogItems/attributes","tableAttribute","passwordsalt",,"STRING",,,,"4",,,,,,,,,"false","false",,,,"93",
"315e8594-bad6-47e6-850e-4622d2409f82","78e9aeea-38fe-4823-83c2-652dcb23be37","/sources/locations/catalogItems/attributes","tableAttribute","rowguid",,"STRING",,,,"5",,,,,,,,,"false","false",,,,"93",
"1eb58099-bfbd-4207-9416-a6caebd60198","99ff0b69-0b92-4be9-a446-35da9a30ee2f","/sources/locations/catalogItems/attributes","tableAttribute","additionalcontactinfo",,"STRING",,,,"1",,,,,,,,,"false","false",,,,"93",
"830c8833-7705-4898-befb-3e3ba696893f","99ff0b69-0b92-4be9-a446-35da9a30ee2f","/sources/locations/catalogItems/attributes","tableAttribute","businessentityid",,"LONG",,,,"2",,,,,,,,,"false","false",,,,"93",
"06f1a020-2599-4eaa-800b-2c3f82d0cd1e","99ff0b69-0b92-4be9-a446-35da9a30ee2f","/sources/locations/catalogItems/attributes","tableAttribute","demographics",,"STRING",,,,"3",,,,,,,,,"false","false",,,,"93",
"0432c8ea-7de2-49f1-a5fa-6ee613842600","99ff0b69-0b92-4be9-a446-35da9a30ee2f","/sources/locations/catalogItems/attributes","tableAttribute","emailpromotion",,"LONG",,,,"4",,,,,,,,,"false","false",,,,"93",
"4937f97f-9170-4b51-abb6-49e0d2c93bb1","99ff0b69-0b92-4be9-a446-35da9a30ee2f","/sources/locations/catalogItems/attributes","tableAttribute","firstname",,"STRING",,,,"5",,,,,,,,,"false","false",,,,"93",
"85b95c18-9a36-484e-9415-f19c44c199d9","99ff0b69-0b92-4be9-a446-35da9a30ee2f","/sources/locations/catalogItems/attributes","tableAttribute","lastname",,"STRING",,,,"6",,,,,,,,,"false","false",,,,"93",
"321b46b7-7ad2-44e6-bff1-6ba6b6aff61c","99ff0b69-0b92-4be9-a446-35da9a30ee2f","/sources/locations/catalogItems/attributes","tableAttribute","middlename",,"STRING",,,,"7",,,,,,,,,"false","false",,,,"93",
"b58ae9f0-db6d-4b5a-bb9f-4317fd30cc1b","99ff0b69-0b92-4be9-a446-35da9a30ee2f","/sources/locations/catalogItems/attributes","tableAttribute","modifieddate",,"DATETIME",,,,"8",,,,,,,,,"false","false",,,,"93",
"c9c24381-6211-4763-8573-7e6a1e243d16","99ff0b69-0b92-4be9-a446-35da9a30ee2f","/sources/locations/catalogItems/attributes","tableAttribute","namestyle",,"STRING",,,,"9",,,,,,,,,"false","false",,,,"93",
"572c203a-b10e-4de3-853d-dc62075751b4","99ff0b69-0b92-4be9-a446-35da9a30ee2f","/sources/locations/catalogItems/attributes","tableAttribute","persontype",,"STRING",,,,"10",,,,,,,,,"false","false",,,,"93",
"51da8783-3ea9-4820-8bd2-0096854f6d02","99ff0b69-0b92-4be9-a446-35da9a30ee2f","/sources/locations/catalogItems/attributes","tableAttribute","rowguid",,"STRING",,,,"11",,,,,,,,,"false","false",,,,"93",
"db88cc09-9e7b-4e4b-81a7-2749619e2570","99ff0b69-0b92-4be9-a446-35da9a30ee2f","/sources/locations/catalogItems/attributes","tableAttribute","suffix",,"STRING",,,,"12",,,,,,,,,"false","false",,,,"93",
"90ed383f-b2f5-489c-aa7a-9dc9f031ac48","99ff0b69-0b92-4be9-a446-35da9a30ee2f","/sources/locations/catalogItems/attributes","tableAttribute","title",,"STRING",,,,"13",,,,,,,,,"false","false",,,,"93",
"66af0102-070c-4db8-a810-e26c54a92ba5","8bb48eb5-9187-4a88-a7b0-928d299397f1","/sources/locations/catalogItems/attributes","tableAttribute","businessentityid",,"LONG",,,,"1",,,,,,,,,"false","false",,,,"93",
"7cd2695b-9195-40b3-851a-9b249bc2eb40","8bb48eb5-9187-4a88-a7b0-928d299397f1","/sources/locations/catalogItems/attributes","tableAttribute","modifieddate",,"DATETIME",,,,"2",,,,,,,,,"false","false",,,,"93",
"e945efcd-76f1-435b-9100-e2e854a2a549","8bb48eb5-9187-4a88-a7b0-928d299397f1","/sources/locations/catalogItems/attributes","tableAttribute","phonenumber",,"STRING",,,,"3",,,,,,,,,"false","false",,,,"93",
"802be323-9882-40e6-8770-93f045c9bce2","8bb48eb5-9187-4a88-a7b0-928d299397f1","/sources/locations/catalogItems/attributes","tableAttribute","phonenumbertypeid",,"LONG",,,,"4",,,,,,,,,"false","false",,,,"93",
"f52fe37c-b685-42e9-ba0b-e619b6313ab8","07c3923c-b726-4424-8ca4-b6bc7867a842","/sources/locations/catalogItems/attributes","tableAttribute","modifieddate",,"DATETIME",,,,"1",,,,,,,,,"false","false",,,,"93",
"612e766a-348d-4023-bd3d-6f862ecd5c0b","07c3923c-b726-4424-8ca4-b6bc7867a842","/sources/locations/catalogItems/attributes","tableAttribute","name",,"STRING",,,,"2",,,,,,,,,"false","false",,,,"93",
"31d7224b-ebfd-4810-aaad-855e89695362","07c3923c-b726-4424-8ca4-b6bc7867a842","/sources/locations/catalogItems/attributes","tableAttribute","phonenumbertypeid",,"LONG",,,,"3",,,,,,,,,"false","false",,,,"93",
"fffea880-820d-41cb-af2f-f5b87e3fc717","5617d742-89a2-4557-9c2c-548cb6173441","/sources/locations/catalogItems/attributes","tableAttribute","countryregioncode",,"STRING",,,,"1",,,,,,,,,"false","false",,,,"93",
"e7d061c9-e806-4d48-87da-2cabf7d53577","5617d742-89a2-4557-9c2c-548cb6173441","/sources/locations/catalogItems/attributes","tableAttribute","isonlystateprovinceflag",,"STRING",,,,"2",,,,,,,,,"false","false",,,,"93",
"f790b8dc-52d6-409f-b172-e39921e8e72d","5617d742-89a2-4557-9c2c-548cb6173441","/sources/locations/catalogItems/attributes","tableAttribute","modifieddate",,"DATETIME",,,,"3",,,,,,,,,"false","false",,,,"93",
"fafcb82c-536a-4970-82bd-e20545386e4c","5617d742-89a2-4557-9c2c-548cb6173441","/sources/locations/catalogItems/attributes","tableAttribute","name",,"STRING",,,,"4",,,,,,,,,"false","false",,,,"93",
"35ce4dff-7400-4009-88f1-1198c1cc75f8","5617d742-89a2-4557-9c2c-548cb6173441","/sources/locations/catalogItems/attributes","tableAttribute","rowguid",,"STRING",,,,"5",,,,,,,,,"false","false",,,,"93",
"ee5d3aee-c83c-4aba-ac71-4f5259e8f901","5617d742-89a2-4557-9c2c-548cb6173441","/sources/locations/catalogItems/attributes","tableAttribute","stateprovincecode",,"STRING",,,,"6",,,,,,,,,"false","false",,,,"93",
"e17abd3d-6c27-44d1-9da5-fc8b71fe88d2","5617d742-89a2-4557-9c2c-548cb6173441","/sources/locations/catalogItems/attributes","tableAttribute","stateprovinceid",,"LONG",,,,"7",,,,,,,,,"false","false",,,,"93",
"7dd3ed6d-4517-416a-b074-d45d91d6ae64","5617d742-89a2-4557-9c2c-548cb6173441","/sources/locations/catalogItems/attributes","tableAttribute","territoryid",,"LONG",,,,"8",,,,,,,,,"false","false",,,,"93",
"529184fe-0421-487b-9e2d-3a4f5de7ba20","dadde852-43e7-423a-a2c9-6bdc63c3a58b","/sources/locations/catalogItems/attributes","tableAttribute","businessentityid",,"LONG",,,,"1",,,,,,,,,"false","false",,,,"93",
"bb88db0e-bf28-40ff-ad09-5d2230ee12a0","dadde852-43e7-423a-a2c9-6bdc63c3a58b","/sources/locations/catalogItems/attributes","tableAttribute","city",,"STRING",,,,"2",,,,,,,,,"false","false",,,,"93",
"25f444ee-63b4-48c4-892a-c31a4eeddf49","dadde852-43e7-423a-a2c9-6bdc63c3a58b","/sources/locations/catalogItems/attributes","tableAttribute","countryregion",,"STRING",,,,"3",,,,,,,,,"false","false",,,,"93",
"a95b9beb-c3ea-4311-9ea1-adf5e088f559","dadde852-43e7-423a-a2c9-6bdc63c3a58b","/sources/locations/catalogItems/attributes","tableAttribute","emailaddress",,"STRING",,,,"4",,,,,,,,,"false","false",,,,"93",
"f421be6f-0c78-4f8c-bf6a-5b1f9ef9eef8","dadde852-43e7-423a-a2c9-6bdc63c3a58b","/sources/locations/catalogItems/attributes","tableAttribute","emailspecialinstructions",,"STRING",,,,"5",,,,,,,,,"false","false",,,,"93",
"f43d6609-23c8-4a6c-a1ff-59a700ea8d0e","dadde852-43e7-423a-a2c9-6bdc63c3a58b","/sources/locations/catalogItems/attributes","tableAttribute","emailtelephonenumber",,"STRING",,,,"6",,,,,,,,,"false","false",,,,"93",
"1f933b29-6bf3-4042-9ff3-ce943f62c9c4","dadde852-43e7-423a-a2c9-6bdc63c3a58b","/sources/locations/catalogItems/attributes","tableAttribute","firstname",,"STRING",,,,"7",,,,,,,,,"false","false",,,,"93",
"ea061b41-25f8-48fd-a89b-2845d4375e19","dadde852-43e7-423a-a2c9-6bdc63c3a58b","/sources/locations/catalogItems/attributes","tableAttribute","homeaddressspecialinstructions",,"STRING",,,,"8",,,,,,,,,"false","false",,,,"93",
"49855534-7770-43e6-8357-5e43f47f0fa7","dadde852-43e7-423a-a2c9-6bdc63c3a58b","/sources/locations/catalogItems/attributes","tableAttribute","lastname",,"STRING",,,,"9",,,,,,,,,"false","false",,,,"93",
"458d7a70-4759-4075-b105-b559f29a4b9e","dadde852-43e7-423a-a2c9-6bdc63c3a58b","/sources/locations/catalogItems/attributes","tableAttribute","middlename",,"STRING",,,,"10",,,,,,,,,"false","false",,,,"93",
"42fcfb77-a796-4e52-8b1e-0a43c4d327a6","dadde852-43e7-423a-a2c9-6bdc63c3a58b","/sources/locations/catalogItems/attributes","tableAttribute","modifieddate",,"DATETIME",,,,"11",,,,,,,,,"false","false",,,,"93",
"879fc24b-bbd6-4b1b-927e-39e3e78fe23e","dadde852-43e7-423a-a2c9-6bdc63c3a58b","/sources/locations/catalogItems/attributes","tableAttribute","postalcode",,"STRING",,,,"12",,,,,,,,,"false","false",,,,"93",
"fb5498f7-e99b-4531-b484-75c2d7e6ab9b","dadde852-43e7-423a-a2c9-6bdc63c3a58b","/sources/locations/catalogItems/attributes","tableAttribute","rowguid",,"STRING",,,,"13",,,,,,,,,"false","false",,,,"93",
"dad9b441-ede3-443d-bcfe-616b7d7d9078","dadde852-43e7-423a-a2c9-6bdc63c3a58b","/sources/locations/catalogItems/attributes","tableAttribute","stateprovince",,"STRING",,,,"14",,,,,,,,,"false","false",,,,"93",
"fc432ea9-8c2a-4a32-ad1d-dfeae572841a","dadde852-43e7-423a-a2c9-6bdc63c3a58b","/sources/locations/catalogItems/attributes","tableAttribute","street",,"STRING",,,,"15",,,,,,,,,"false","false",,,,"93",
"aa6b6398-41f0-4ff7-a5cb-92f98d35db44","dadde852-43e7-423a-a2c9-6bdc63c3a58b","/sources/locations/catalogItems/attributes","tableAttribute","telephonenumber",,"STRING",,,,"16",,,,,,,,,"false","false",,,,"93",
"6e43ebed-8abc-46cb-88cf-4335a980ccd2","dadde852-43e7-423a-a2c9-6bdc63c3a58b","/sources/locations/catalogItems/attributes","tableAttribute","telephonespecialinstructions",,"STRING",,,,"17",,,,,,,,,"false","false",,,,"93",
"dd291540-fbec-4ffa-bec2-a064942c88e5","bff20015-e178-4d72-810c-0bd1eed88c0c","/sources/locations/catalogItems/attributes","tableAttribute","expmonth",,"INTEGER",,,,"1",,,,,,,,,"false","false",,,,"93",
"c67e058c-7812-4ce2-be0c-61fe35644c89","bff20015-e178-4d72-810c-0bd1eed88c0c","/sources/locations/catalogItems/attributes","tableAttribute","expyear",,"INTEGER",,,,"2",,,,,,,,,"false","false",,,,"93",
"f1c96ef4-afc1-47bd-a580-6ca3efe3aed1","bff20015-e178-4d72-810c-0bd1eed88c0c","/sources/locations/catalogItems/attributes","tableAttribute","modifieddate",,"DATETIME",,,,"3",,,,,,,,,"false","false",,,,"93",
"e790d08d-1a93-454c-b72c-9324cc9fb429","a1914f8d-90ff-4ec0-8a1d-416718c93cfb","/sources/locations/catalogItems/attributes","tableAttribute","currencycode",,"STRING",,,,"1",,,,,,,,,"false","false",,,,"93",
"77ae4348-519b-4efb-bd61-39763809a963","a1914f8d-90ff-4ec0-8a1d-416718c93cfb","/sources/locations/catalogItems/attributes","tableAttribute","modifieddate",,"DATETIME",,,,"2",,,,,,,,,"false","false",,,,"93",
"319e6ae5-86df-4275-b929-adde1c0e2047","a1914f8d-90ff-4ec0-8a1d-416718c93cfb","/sources/locations/catalogItems/attributes","tableAttribute","name",,"STRING",,,,"3",,,,,,,,,"false","false",,,,"93",
"79310413-8c63-437a-96b6-111c08a49799","0c93d74b-0aa1-40bf-a022-b6aaeb73b321","/sources/locations/catalogItems/attributes","tableAttribute","averagerate",,"LONG",,,,"1",,,,,,,,,"false","false",,,,"93",
"222c07ea-be86-489b-8236-fbd1da3721a0","0c93d74b-0aa1-40bf-a022-b6aaeb73b321","/sources/locations/catalogItems/attributes","tableAttribute","currencyratedate",,"DATETIME",,,,"2",,,,,,,,,"false","false",,,,"93",
"57968901-be55-44ab-9025-59876beec8db","0c93d74b-0aa1-40bf-a022-b6aaeb73b321","/sources/locations/catalogItems/attributes","tableAttribute","currencyrateid",,"LONG",,,,"3",,,,,,,,,"false","false",,,,"93",
"5274aaa1-1e0d-4da4-90df-fd3612e615fb","0c93d74b-0aa1-40bf-a022-b6aaeb73b321","/sources/locations/catalogItems/attributes","tableAttribute","endofdayrate",,"LONG",,,,"4",,,,,,,,,"false","false",,,,"93",
"e19b0af3-f2f2-45f2-b29e-30c0f51eed7f","0c93d74b-0aa1-40bf-a022-b6aaeb73b321","/sources/locations/catalogItems/attributes","tableAttribute","fromcurrencycode",,"STRING",,,,"5",,,,,,,,,"false","false",,,,"93",
"a8d1f6e1-9537-4422-b9c6-afc8fead2663","0c93d74b-0aa1-40bf-a022-b6aaeb73b321","/sources/locations/catalogItems/attributes","tableAttribute","modifieddate",,"DATETIME",,,,"6",,,,,,,,,"false","false",,,,"93",
"ef9fc8e3-bdfe-4dcb-b518-81aa18fe6912","a7325097-9692-4969-b560-d4a6f66e4bf0","/sources/locations/catalogItems/attributes","tableAttribute","countryregioncode",,"STRING",,,,"1",,,,,,,,,"false","false",,,,"93",
"33634e6c-183e-4443-b8c2-2355ed7ab1cf","a7325097-9692-4969-b560-d4a6f66e4bf0","/sources/locations/catalogItems/attributes","tableAttribute","currencycode",,"STRING",,,,"2",,,,,,,,,"false","false",,,,"93",
"8c549f3a-5bb0-48b9-98df-b99478235fbe","a7325097-9692-4969-b560-d4a6f66e4bf0","/sources/locations/catalogItems/attributes","tableAttribute","modifieddate",,"DATETIME",,,,"3",,,,,,,,,"false","false",,,,"93",
"3e962869-f32a-471c-989b-5ca0df08ef53","bff20015-e178-4d72-810c-0bd1eed88c0c","/sources/locations/catalogItems/attributes","tableAttribute","cardnumber",,"STRING",,,,"1",,,,,,,,,"false","false",,,,"93",
"a99f2277-3e66-4d6f-bd40-c2b9963ab6c7","bff20015-e178-4d72-810c-0bd1eed88c0c","/sources/locations/catalogItems/attributes","tableAttribute","cardtype",,"STRING",,,,"2",,,,,,,,,"false","false",,,,"93",
"4c59c329-5fc8-4de4-a8c6-c0f1a4c40180","bff20015-e178-4d72-810c-0bd1eed88c0c","/sources/locations/catalogItems/attributes","tableAttribute","creditcardid",,"LONG",,,,"3",,,,,,,,,"false","false",,,,"93",
"c3fc5482-7f0c-401e-a545-010da8b58ac8","0c93d74b-0aa1-40bf-a022-b6aaeb73b321","/sources/locations/catalogItems/attributes","tableAttribute","tocurrencycode",,"STRING",,,,"7",,,,,,,,,"false","false",,,,"93",
"cce5212e-cb6e-446e-9390-fdc861a8a1d4","c5660cb8-19b9-490d-96af-830781f07353","/sources/locations/catalogItems/attributes","tableAttribute","customerid",,"LONG",,,,"2",,,,,,,,,"false","false",,,,"93",
"16db6509-0e42-49e1-9a32-d7a917af179d","c5660cb8-19b9-490d-96af-830781f07353","/sources/locations/catalogItems/attributes","tableAttribute","modifieddate",,"DATETIME",,,,"3",,,,,,,,,"false","false",,,,"93",
"16fb8869-284f-4319-951c-dd5c6324ed43","c5660cb8-19b9-490d-96af-830781f07353","/sources/locations/catalogItems/attributes","tableAttribute","personid",,"LONG",,,,"4",,,,,,,,,"false","false",,,,"93",
"09952d3e-c6f6-49a3-bf92-de97c5e841c3","c5660cb8-19b9-490d-96af-830781f07353","/sources/locations/catalogItems/attributes","tableAttribute","rowguid",,"STRING",,,,"5",,,,,,,,,"false","false",,,,"93",
"407e396a-aea4-4a4a-9b83-3eeccf08e2c3","c5660cb8-19b9-490d-96af-830781f07353","/sources/locations/catalogItems/attributes","tableAttribute","storeid",,"LONG",,,,"6",,,,,,,,,"false","false",,,,"93",
"fcbf982f-b454-4ed8-948b-f6c039921949","c5660cb8-19b9-490d-96af-830781f07353","/sources/locations/catalogItems/attributes","tableAttribute","territoryid",,"LONG",,,,"7",,,,,,,,,"false","false",,,,"93",
"f20d57a6-e499-48d5-a924-e839685cf489","1941d523-fc94-4c7b-87ef-c1dd08e90f21","/sources/locations/catalogItems/attributes","tableAttribute","businessentityid",,"LONG",,,,"1",,,,,,,,,"false","false",,,,"93",
"4d76efa7-fb0a-4022-9416-6c1f8e00a93f","1941d523-fc94-4c7b-87ef-c1dd08e90f21","/sources/locations/catalogItems/attributes","tableAttribute","creditcardid",,"LONG",,,,"2",,,,,,,,,"false","false",,,,"93",
"2e79d3b8-f751-42fe-9925-a6b7f44eaf2f","1941d523-fc94-4c7b-87ef-c1dd08e90f21","/sources/locations/catalogItems/attributes","tableAttribute","modifieddate",,"DATETIME",,,,"3",,,,,,,,,"false","false",,,,"93",
"0ab85c5e-eada-4c45-a4b2-8c24c4374a14","400d0b93-be70-4e8a-bd47-0c352e11daad","/sources/locations/catalogItems/attributes","tableAttribute","carriertrackingnumber",,"STRING",,,,"1",,,,,,,,,"false","false",,,,"93",
"7b1b5dee-10c1-450c-a41b-aa103e6ce8e5","400d0b93-be70-4e8a-bd47-0c352e11daad","/sources/locations/catalogItems/attributes","tableAttribute","modifieddate",,"DATETIME",,,,"2",,,,,,,,,"false","false",,,,"93",
"8083ab48-bf3b-4749-a964-174d907b0f87","400d0b93-be70-4e8a-bd47-0c352e11daad","/sources/locations/catalogItems/attributes","tableAttribute","orderqty",,"INTEGER",,,,"3",,,,,,,,,"false","false",,,,"93",
"0ff1c3aa-5460-4cdb-a351-40023de543a9","400d0b93-be70-4e8a-bd47-0c352e11daad","/sources/locations/catalogItems/attributes","tableAttribute","productid",,"LONG",,,,"4",,,,,,,,,"false","false",,,,"93",
"1841f5c2-5e9c-4789-9979-4e1d38e93ff8","400d0b93-be70-4e8a-bd47-0c352e11daad","/sources/locations/catalogItems/attributes","tableAttribute","rowguid",,"STRING",,,,"5",,,,,,,,,"false","false",,,,"93",
"30a0de12-9015-457b-97b3-a5a3e141ebd3","400d0b93-be70-4e8a-bd47-0c352e11daad","/sources/locations/catalogItems/attributes","tableAttribute","salesorderdetailid",,"LONG",,,,"6",,,,,,,,,"false","false",,,,"93",
"7b7415f2-9557-4bdf-a80b-491af3700674","400d0b93-be70-4e8a-bd47-0c352e11daad","/sources/locations/catalogItems/attributes","tableAttribute","salesorderid",,"LONG",,,,"7",,,,,,,,,"false","false",,,,"93",
"18972783-449c-4372-ab3f-ca7773e9c3a5","400d0b93-be70-4e8a-bd47-0c352e11daad","/sources/locations/catalogItems/attributes","tableAttribute","specialofferid",,"LONG",,,,"8",,,,,,,,,"false","false",,,,"93",
"27f38e0d-cd17-4597-a7f6-38bbee0c3598","400d0b93-be70-4e8a-bd47-0c352e11daad","/sources/locations/catalogItems/attributes","tableAttribute","unitprice",,"LONG",,,,"9",,,,,,,,,"false","false",,,,"93",
"9a5af66e-7860-4f19-ab07-921bf0349ba2","400d0b93-be70-4e8a-bd47-0c352e11daad","/sources/locations/catalogItems/attributes","tableAttribute","unitpricediscount",,"LONG",,,,"10",,,,,,,,,"false","false",,,,"93",
"41338d21-b6c6-4165-877c-d751e795a1af","ff79b036-e9e9-448e-80d7-3e0f39016351","/sources/locations/catalogItems/attributes","tableAttribute","accountnumber",,"STRING",,,,"1",,,,,,,,,"false","false",,,,"93",
"ccc2ea08-1c82-443c-8c01-4329b78ed772","ff79b036-e9e9-448e-80d7-3e0f39016351","/sources/locations/catalogItems/attributes","tableAttribute","billtoaddressid",,"LONG",,,,"2",,,,,,,,,"false","false",,,,"93",
"1913af62-63fc-4a1d-8d0f-c79fc84b787f","ff79b036-e9e9-448e-80d7-3e0f39016351","/sources/locations/catalogItems/attributes","tableAttribute","comment",,"STRING",,,,"3",,,,,,,,,"false","false",,,,"93",
"f6066c04-12e0-4fb6-86aa-5fcb6cd465e8","ff79b036-e9e9-448e-80d7-3e0f39016351","/sources/locations/catalogItems/attributes","tableAttribute","creditcardapprovalcode",,"STRING",,,,"4",,,,,,,,,"false","false",,,,"93",
"17dff327-d040-47e2-9c76-63bef7ca7e9c","ff79b036-e9e9-448e-80d7-3e0f39016351","/sources/locations/catalogItems/attributes","tableAttribute","creditcardid",,"LONG",,,,"5",,,,,,,,,"false","false",,,,"93",
"9769d7cc-8e25-408d-a8a3-818a5a88b3b7","ff79b036-e9e9-448e-80d7-3e0f39016351","/sources/locations/catalogItems/attributes","tableAttribute","currencyrateid",,"LONG",,,,"6",,,,,,,,,"false","false",,,,"93",
"c440db69-ba69-43a1-bb5f-1cc107c102e9","ff79b036-e9e9-448e-80d7-3e0f39016351","/sources/locations/catalogItems/attributes","tableAttribute","customerid",,"LONG",,,,"7",,,,,,,,,"false","false",,,,"93",
"7948d6c0-4673-4105-b76d-06b69132bda5","ff79b036-e9e9-448e-80d7-3e0f39016351","/sources/locations/catalogItems/attributes","tableAttribute","duedate",,"DATETIME",,,,"8",,,,,,,,,"false","false",,,,"93",
"965718db-7f0a-44cb-9110-05aa9a78edf1","ff79b036-e9e9-448e-80d7-3e0f39016351","/sources/locations/catalogItems/attributes","tableAttribute","freight",,"LONG",,,,"9",,,,,,,,,"false","false",,,,"93",
"28fd0781-c6da-4f4b-a3a6-099cee4c1111","ff79b036-e9e9-448e-80d7-3e0f39016351","/sources/locations/catalogItems/attributes","tableAttribute","modifieddate",,"DATETIME",,,,"10",,,,,,,,,"false","false",,,,"93",
"80816835-e515-4b9a-8c3c-f237ed3542f6","ff79b036-e9e9-448e-80d7-3e0f39016351","/sources/locations/catalogItems/attributes","tableAttribute","onlineorderflag",,"STRING",,,,"11",,,,,,,,,"false","false",,,,"93",
"8e3d4852-5fb4-4512-98b2-3c28d9861334","ff79b036-e9e9-448e-80d7-3e0f39016351","/sources/locations/catalogItems/attributes","tableAttribute","orderdate",,"DATETIME",,,,"12",,,,,,,,,"false","false",,,,"93",
"8d46897d-f9c7-4ead-8cba-660fe23e8fb3","ff79b036-e9e9-448e-80d7-3e0f39016351","/sources/locations/catalogItems/attributes","tableAttribute","purchaseordernumber",,"STRING",,,,"13",,,,,,,,,"false","false",,,,"93",
"71ae27a8-12bd-4115-acef-17510156774e","ff79b036-e9e9-448e-80d7-3e0f39016351","/sources/locations/catalogItems/attributes","tableAttribute","revisionnumber",,"INTEGER",,,,"14",,,,,,,,,"false","false",,,,"93",
"80258b9c-d0d6-4466-8b08-3188347758c1","ff79b036-e9e9-448e-80d7-3e0f39016351","/sources/locations/catalogItems/attributes","tableAttribute","rowguid",,"STRING",,,,"15",,,,,,,,,"false","false",,,,"93",
"05dcac6e-c545-4621-b34d-90ea8a8700eb","ff79b036-e9e9-448e-80d7-3e0f39016351","/sources/locations/catalogItems/attributes","tableAttribute","salesorderid",,"LONG",,,,"16",,,,,,,,,"false","false",,,,"93",
"e005de26-a9fa-4fc8-947c-d059e56bd5f8","ff79b036-e9e9-448e-80d7-3e0f39016351","/sources/locations/catalogItems/attributes","tableAttribute","salespersonid",,"LONG",,,,"17",,,,,,,,,"false","false",,,,"93",
"01e98939-2876-41cb-accc-2c2ae1f8a300","ff79b036-e9e9-448e-80d7-3e0f39016351","/sources/locations/catalogItems/attributes","tableAttribute","shipdate",,"DATETIME",,,,"18",,,,,,,,,"false","false",,,,"93",
"d606120f-c0be-4d38-8f0f-92e1f87b6546","ff79b036-e9e9-448e-80d7-3e0f39016351","/sources/locations/catalogItems/attributes","tableAttribute","shipmethodid",,"LONG",,,,"19",,,,,,,,,"false","false",,,,"93",
"98e46587-d5ea-4357-8405-f89fc99308ce","ff79b036-e9e9-448e-80d7-3e0f39016351","/sources/locations/catalogItems/attributes","tableAttribute","shiptoaddressid",,"LONG",,,,"20",,,,,,,,,"false","false",,,,"93",
"30c7b546-a21b-4621-ac52-ce21090e7bf1","ff79b036-e9e9-448e-80d7-3e0f39016351","/sources/locations/catalogItems/attributes","tableAttribute","status",,"INTEGER",,,,"21",,,,,,,,,"false","false",,,,"93",
"8fe650c6-849a-4775-92f2-2d959f0ddc98","ff79b036-e9e9-448e-80d7-3e0f39016351","/sources/locations/catalogItems/attributes","tableAttribute","subtotal",,"LONG",,,,"22",,,,,,,,,"false","false",,,,"93",
"15607e92-b50a-490f-b0af-a74234f6fd9c","ff79b036-e9e9-448e-80d7-3e0f39016351","/sources/locations/catalogItems/attributes","tableAttribute","taxamt",,"LONG",,,,"23",,,,,,,,,"false","false",,,,"93",
"d16405cc-6781-4a48-b08e-375272d810f6","ff79b036-e9e9-448e-80d7-3e0f39016351","/sources/locations/catalogItems/attributes","tableAttribute","territoryid",,"LONG",,,,"24",,,,,,,,,"false","false",,,,"93",
"4b7f4726-2ca4-470f-9711-5ae6db730ca3","ff79b036-e9e9-448e-80d7-3e0f39016351","/sources/locations/catalogItems/attributes","tableAttribute","totaldue",,"LONG",,,,"25",,,,,,,,,"false","false",,,,"93",
"5943e3ad-5e9a-4a7a-9d27-31c07c70835d","efc46190-f305-47e6-bcae-1165f938f0fb","/sources/locations/catalogItems/attributes","tableAttribute","modifieddate",,"DATETIME",,,,"1",,,,,,,,,"false","false",,,,"93",
"de6a4374-f2d8-4024-8cf8-d3470f939301","efc46190-f305-47e6-bcae-1165f938f0fb","/sources/locations/catalogItems/attributes","tableAttribute","salesorderid",,"LONG",,,,"2",,,,,,,,,"false","false",,,,"93",
"1483dda6-8fd3-45dc-8e91-9353c50710c0","efc46190-f305-47e6-bcae-1165f938f0fb","/sources/locations/catalogItems/attributes","tableAttribute","salesreasonid",,"LONG",,,,"3",,,,,,,,,"false","false",,,,"93",
"4ec7ff85-64e7-4a8c-aa23-eccbaf1cc859","6ac98a20-62d4-4622-ad4e-2387d38dabcd","/sources/locations/catalogItems/attributes","tableAttribute","bonus",,"LONG",,,,"1",,,,,,,,,"false","false",,,,"93",
"7068d053-ed25-4407-a86d-92847a11520b","6ac98a20-62d4-4622-ad4e-2387d38dabcd","/sources/locations/catalogItems/attributes","tableAttribute","businessentityid",,"LONG",,,,"2",,,,,,,,,"false","false",,,,"93",
"058bf0e7-5db6-4c7a-8934-b20925cf2aa4","6ac98a20-62d4-4622-ad4e-2387d38dabcd","/sources/locations/catalogItems/attributes","tableAttribute","commissionpct",,"LONG",,,,"3",,,,,,,,,"false","false",,,,"93",
"5699c7a1-569e-4198-a43f-4ad540119488","6ac98a20-62d4-4622-ad4e-2387d38dabcd","/sources/locations/catalogItems/attributes","tableAttribute","modifieddate",,"DATETIME",,,,"4",,,,,,,,,"false","false",,,,"93",
"4f23a73e-d74d-4e81-b13e-7bf04bac9ab9","6ac98a20-62d4-4622-ad4e-2387d38dabcd","/sources/locations/catalogItems/attributes","tableAttribute","rowguid",,"STRING",,,,"5",,,,,,,,,"false","false",,,,"93",
"6f934240-ae22-4f8f-8187-5403f1b68581","6ac98a20-62d4-4622-ad4e-2387d38dabcd","/sources/locations/catalogItems/attributes","tableAttribute","saleslastyear",,"LONG",,,,"6",,,,,,,,,"false","false",,,,"93",
"939a9a42-0ac4-4d20-b932-ef2fb20a77ac","6ac98a20-62d4-4622-ad4e-2387d38dabcd","/sources/locations/catalogItems/attributes","tableAttribute","salesquota",,"LONG",,,,"7",,,,,,,,,"false","false",,,,"93",
"78c14c6d-fd0f-45d5-8bde-8a12f722a319","6ac98a20-62d4-4622-ad4e-2387d38dabcd","/sources/locations/catalogItems/attributes","tableAttribute","salesytd",,"LONG",,,,"8",,,,,,,,,"false","false",,,,"93",
"28805e0c-9aaa-42ab-acf4-fbd770a46619","6ac98a20-62d4-4622-ad4e-2387d38dabcd","/sources/locations/catalogItems/attributes","tableAttribute","territoryid",,"LONG",,,,"9",,,,,,,,,"false","false",,,,"93",
"684dc8ec-9dfc-4898-b525-31965d22a10f","15070fa8-08b5-4204-889e-acedf49b7bd1","/sources/locations/catalogItems/attributes","tableAttribute","businessentityid",,"LONG",,,,"1",,,,,,,,,"false","false",,,,"93",
"4b33ebb8-d1da-4023-b332-f70bf707ef3d","15070fa8-08b5-4204-889e-acedf49b7bd1","/sources/locations/catalogItems/attributes","tableAttribute","modifieddate",,"DATETIME",,,,"2",,,,,,,,,"false","false",,,,"93",
"7fddbfa9-f526-4746-b826-8c1ab21b1e72","15070fa8-08b5-4204-889e-acedf49b7bd1","/sources/locations/catalogItems/attributes","tableAttribute","quotadate",,"DATETIME",,,,"3",,,,,,,,,"false","false",,,,"93",
"8f7cd36c-06b9-44db-a0a8-8dd1a0eb02ec","15070fa8-08b5-4204-889e-acedf49b7bd1","/sources/locations/catalogItems/attributes","tableAttribute","rowguid",,"STRING",,,,"4",,,,,,,,,"false","false",,,,"93",
"493a7957-f1c7-40c6-a76a-335de19f6b98","15070fa8-08b5-4204-889e-acedf49b7bd1","/sources/locations/catalogItems/attributes","tableAttribute","salesquota",,"LONG",,,,"5",,,,,,,,,"false","false",,,,"93",
"5bab6545-7c7d-463d-9600-2d9d08158ae6","ffcfba63-8446-48c6-9d45-bc7bea218eb8","/sources/locations/catalogItems/attributes","tableAttribute","modifieddate",,"DATETIME",,,,"1",,,,,,,,,"false","false",,,,"93",
"0856ad29-dec4-4493-9e41-6198ac32f671","ffcfba63-8446-48c6-9d45-bc7bea218eb8","/sources/locations/catalogItems/attributes","tableAttribute","name",,"STRING",,,,"2",,,,,,,,,"false","false",,,,"93",
"a651fe4d-c3b3-4dd1-8733-3358b16ec049","ffcfba63-8446-48c6-9d45-bc7bea218eb8","/sources/locations/catalogItems/attributes","tableAttribute","reasontype",,"STRING",,,,"3",,,,,,,,,"false","false",,,,"93",
"b0a51988-885d-4bf5-b23a-73f39d395cff","ffcfba63-8446-48c6-9d45-bc7bea218eb8","/sources/locations/catalogItems/attributes","tableAttribute","salesreasonid",,"LONG",,,,"4",,,,,,,,,"false","false",,,,"93",
"9c0a271b-3a7e-4ef0-8949-0d787ae81687","26ade713-797d-4c23-b00e-6c479ce0c8e0","/sources/locations/catalogItems/attributes","tableAttribute","modifieddate",,"DATETIME",,,,"1",,,,,,,,,"false","false",,,,"93",
"29ec0392-bab6-49fd-92c8-e8eeadf6b054","26ade713-797d-4c23-b00e-6c479ce0c8e0","/sources/locations/catalogItems/attributes","tableAttribute","name",,"STRING",,,,"2",,,,,,,,,"false","false",,,,"93",
"bec1350f-98ed-48e9-a463-57e26f749226","26ade713-797d-4c23-b00e-6c479ce0c8e0","/sources/locations/catalogItems/attributes","tableAttribute","rowguid",,"STRING",,,,"3",,,,,,,,,"false","false",,,,"93",
"6a801499-0902-4ea5-842e-6ea9fbe03905","26ade713-797d-4c23-b00e-6c479ce0c8e0","/sources/locations/catalogItems/attributes","tableAttribute","salestaxrateid",,"LONG",,,,"4",,,,,,,,,"false","false",,,,"93",
"84c95731-be68-4930-9a26-6cbdf50f2650","26ade713-797d-4c23-b00e-6c479ce0c8e0","/sources/locations/catalogItems/attributes","tableAttribute","stateprovinceid",,"LONG",,,,"5",,,,,,,,,"false","false",,,,"93",
"295c3b92-5336-48e1-aa6f-ee1e95d76565","26ade713-797d-4c23-b00e-6c479ce0c8e0","/sources/locations/catalogItems/attributes","tableAttribute","taxrate",,"LONG",,,,"6",,,,,,,,,"false","false",,,,"93",
"cf8526d0-fa6a-479b-a3cd-61303de9e516","26ade713-797d-4c23-b00e-6c479ce0c8e0","/sources/locations/catalogItems/attributes","tableAttribute","taxtype",,"INTEGER",,,,"7",,,,,,,,,"false","false",,,,"93",
"453152a1-fed9-4c63-962f-5985ffc6b3be","befaed15-8d0f-4518-9017-5e5d5c6ddc7d","/sources/locations/catalogItems/attributes","tableAttribute","costlastyear",,"LONG",,,,"1",,,,,,,,,"false","false",,,,"93",
"0c1cfad7-75d7-438d-a27a-6f9dc7450744","befaed15-8d0f-4518-9017-5e5d5c6ddc7d","/sources/locations/catalogItems/attributes","tableAttribute","costytd",,"LONG",,,,"2",,,,,,,,,"false","false",,,,"93",
"7fb09bfd-2e0e-4687-95a8-5c4d7400d3e3","befaed15-8d0f-4518-9017-5e5d5c6ddc7d","/sources/locations/catalogItems/attributes","tableAttribute","countryregioncode",,"STRING",,,,"3",,,,,,,,,"false","false",,,,"93",
"049d7e9b-6d57-4989-971b-4199f73b5fd3","befaed15-8d0f-4518-9017-5e5d5c6ddc7d","/sources/locations/catalogItems/attributes","tableAttribute","group",,"STRING",,,,"4",,,,,,,,,"false","false",,,,"93",
"51b1d173-09da-4cc4-abd7-68abac7e7610","befaed15-8d0f-4518-9017-5e5d5c6ddc7d","/sources/locations/catalogItems/attributes","tableAttribute","modifieddate",,"DATETIME",,,,"5",,,,,,,,,"false","false",,,,"93",
"9066359c-eb48-4877-9b8f-2eace98ed465","befaed15-8d0f-4518-9017-5e5d5c6ddc7d","/sources/locations/catalogItems/attributes","tableAttribute","name",,"STRING",,,,"6",,,,,,,,,"false","false",,,,"93",
"fd5ddadb-c1b0-47c4-a098-b0e2144ef290","befaed15-8d0f-4518-9017-5e5d5c6ddc7d","/sources/locations/catalogItems/attributes","tableAttribute","rowguid",,"STRING",,,,"7",,,,,,,,,"false","false",,,,"93",
"a39ab462-b992-4ebb-9bc1-2545e503fa94","befaed15-8d0f-4518-9017-5e5d5c6ddc7d","/sources/locations/catalogItems/attributes","tableAttribute","saleslastyear",,"LONG",,,,"8",,,,,,,,,"false","false",,,,"93",
"db69d7a5-762b-471b-a3fa-c1748bb62430","befaed15-8d0f-4518-9017-5e5d5c6ddc7d","/sources/locations/catalogItems/attributes","tableAttribute","salesytd",,"LONG",,,,"9",,,,,,,,,"false","false",,,,"93",
"8f9f22e0-a7d8-4ca5-a232-3a12d1b39b68","befaed15-8d0f-4518-9017-5e5d5c6ddc7d","/sources/locations/catalogItems/attributes","tableAttribute","territoryid",,"LONG",,,,"10",,,,,,,,,"false","false",,,,"93",
"4a1cf1ab-36a4-477e-bded-dd9ceeaafb3c","84f9da83-793c-427a-8b8d-c09075cb0edc","/sources/locations/catalogItems/attributes","tableAttribute","businessentityid",,"LONG",,,,"1",,,,,,,,,"false","false",,,,"93",
"adffae6b-5ecb-412f-9b86-817e82b7aba8","84f9da83-793c-427a-8b8d-c09075cb0edc","/sources/locations/catalogItems/attributes","tableAttribute","enddate",,"DATETIME",,,,"2",,,,,,,,,"false","false",,,,"93",
"9de63926-b9de-4e28-9c7b-f678b0134bb3","84f9da83-793c-427a-8b8d-c09075cb0edc","/sources/locations/catalogItems/attributes","tableAttribute","modifieddate",,"DATETIME",,,,"3",,,,,,,,,"false","false",,,,"93",
"d9737c03-e546-4d0b-ad4f-d574c335679b","84f9da83-793c-427a-8b8d-c09075cb0edc","/sources/locations/catalogItems/attributes","tableAttribute","rowguid",,"STRING",,,,"4",,,,,,,,,"false","false",,,,"93",
"32ea46f9-5cec-4907-8532-4526f13e220c","84f9da83-793c-427a-8b8d-c09075cb0edc","/sources/locations/catalogItems/attributes","tableAttribute","startdate",,"DATETIME",,,,"5",,,,,,,,,"false","false",,,,"93",
"f0c6a0d4-03dd-487d-ae9c-d5791243731f","84f9da83-793c-427a-8b8d-c09075cb0edc","/sources/locations/catalogItems/attributes","tableAttribute","territoryid",,"LONG",,,,"6",,,,,,,,,"false","false",,,,"93",
"39517ca7-5c01-4975-8429-5dab7b6f6906","bce38481-1820-4899-bd16-7c21510860ae","/sources/locations/catalogItems/attributes","tableAttribute","datecreated",,"DATETIME",,,,"1",,,,,,,,,"false","false",,,,"93",
"9d4da36e-1efb-4301-b3d1-b71cf8d7aa38","bce38481-1820-4899-bd16-7c21510860ae","/sources/locations/catalogItems/attributes","tableAttribute","modifieddate",,"DATETIME",,,,"2",,,,,,,,,"false","false",,,,"93",
"909bf959-5ea6-4291-9278-64f9c406b35d","bce38481-1820-4899-bd16-7c21510860ae","/sources/locations/catalogItems/attributes","tableAttribute","productid",,"LONG",,,,"3",,,,,,,,,"false","false",,,,"93",
"a370fae7-0f84-4a00-afd9-58546fae3a13","bce38481-1820-4899-bd16-7c21510860ae","/sources/locations/catalogItems/attributes","tableAttribute","quantity",,"LONG",,,,"4",,,,,,,,,"false","false",,,,"93",
"7e0c00f3-c64c-41b8-8cce-c856af336635","bce38481-1820-4899-bd16-7c21510860ae","/sources/locations/catalogItems/attributes","tableAttribute","shoppingcartid",,"STRING",,,,"5",,,,,,,,,"false","false",,,,"93",
"405f8a0d-7323-4baa-ad53-4cc726936468","bce38481-1820-4899-bd16-7c21510860ae","/sources/locations/catalogItems/attributes","tableAttribute","shoppingcartitemid",,"LONG",,,,"6",,,,,,,,,"false","false",,,,"93",
"75b9ae7d-43de-42a1-b318-029c9c3e0295","395b7288-7132-4550-ae7f-ab20e8e4b1ca","/sources/locations/catalogItems/attributes","tableAttribute","category",,"STRING",,,,"1",,,,,,,,,"false","false",,,,"93",
"e60353ec-ebb3-4530-a6e2-cfc103c36bf0","395b7288-7132-4550-ae7f-ab20e8e4b1ca","/sources/locations/catalogItems/attributes","tableAttribute","description",,"STRING",,,,"2",,,,,,,,,"false","false",,,,"93",
"59216999-dc4c-4fa2-a5cf-96005fe025c3","395b7288-7132-4550-ae7f-ab20e8e4b1ca","/sources/locations/catalogItems/attributes","tableAttribute","discountpct",,"LONG",,,,"3",,,,,,,,,"false","false",,,,"93",
"fe98fe70-303f-4e21-aafd-685de90d9cfc","395b7288-7132-4550-ae7f-ab20e8e4b1ca","/sources/locations/catalogItems/attributes","tableAttribute","enddate",,"DATETIME",,,,"4",,,,,,,,,"false","false",,,,"93",
"e6cf56ab-4510-4709-ac9c-79788f1c7a36","395b7288-7132-4550-ae7f-ab20e8e4b1ca","/sources/locations/catalogItems/attributes","tableAttribute","maxqty",,"LONG",,,,"5",,,,,,,,,"false","false",,,,"93",
"18d8b087-dc43-4435-b49c-2a93ebcfd202","395b7288-7132-4550-ae7f-ab20e8e4b1ca","/sources/locations/catalogItems/attributes","tableAttribute","minqty",,"LONG",,,,"6",,,,,,,,,"false","false",,,,"93",
"6829aec9-3221-4a2e-9031-0ad51ea85d08","395b7288-7132-4550-ae7f-ab20e8e4b1ca","/sources/locations/catalogItems/attributes","tableAttribute","modifieddate",,"DATETIME",,,,"7",,,,,,,,,"false","false",,,,"93",
"755bd072-4c90-42ff-89db-0f329615ca02","395b7288-7132-4550-ae7f-ab20e8e4b1ca","/sources/locations/catalogItems/attributes","tableAttribute","rowguid",,"STRING",,,,"8",,,,,,,,,"false","false",,,,"93",
"3dce328d-fb53-4239-990f-072c36474d97","395b7288-7132-4550-ae7f-ab20e8e4b1ca","/sources/locations/catalogItems/attributes","tableAttribute","specialofferid",,"LONG",,,,"9",,,,,,,,,"false","false",,,,"93",
"aa3b2b7a-9e3f-4ac4-adf6-a29309a727f0","395b7288-7132-4550-ae7f-ab20e8e4b1ca","/sources/locations/catalogItems/attributes","tableAttribute","startdate",,"DATETIME",,,,"10",,,,,,,,,"false","false",,,,"93",
"a79b088a-873b-49aa-b2a5-10d40ed9a6fe","395b7288-7132-4550-ae7f-ab20e8e4b1ca","/sources/locations/catalogItems/attributes","tableAttribute","type",,"STRING",,,,"11",,,,,,,,,"false","false",,,,"93",
"6c373203-b91b-4ed3-8eef-1d35bad2d9ad","9e53ddb8-7049-4958-8b78-a87953ba503d","/sources/locations/catalogItems/attributes","tableAttribute","modifieddate",,"DATETIME",,,,"1",,,,,,,,,"false","false",,,,"93",
"5c16b218-2082-4b08-8427-d87758b9b441","9e53ddb8-7049-4958-8b78-a87953ba503d","/sources/locations/catalogItems/attributes","tableAttribute","productid",,"LONG",,,,"2",,,,,,,,,"false","false",,,,"93",
"12b377c1-9260-48d1-8aab-9b12de5007d4","9e53ddb8-7049-4958-8b78-a87953ba503d","/sources/locations/catalogItems/attributes","tableAttribute","rowguid",,"STRING",,,,"3",,,,,,,,,"false","false",,,,"93",
"36ef7f1d-3e23-45a7-b319-8ea945e6b578","9e53ddb8-7049-4958-8b78-a87953ba503d","/sources/locations/catalogItems/attributes","tableAttribute","specialofferid",,"LONG",,,,"4",,,,,,,,,"false","false",,,,"93",
"0b1aa4c7-9c0c-487b-a130-b17d88da178b","e8f769cb-896f-4b98-b05d-6eaf87346a2a","/sources/locations/catalogItems/attributes","tableAttribute","businessentityid",,"LONG",,,,"1",,,,,,,,,"false","false",,,,"93",
"7abe477a-b9c6-43cc-a708-36eeed373cf6","e8f769cb-896f-4b98-b05d-6eaf87346a2a","/sources/locations/catalogItems/attributes","tableAttribute","demographics",,"STRING",,,,"2",,,,,,,,,"false","false",,,,"93",
"aa932c59-d784-44ba-9db1-796e70d565ce","e8f769cb-896f-4b98-b05d-6eaf87346a2a","/sources/locations/catalogItems/attributes","tableAttribute","modifieddate",,"DATETIME",,,,"3",,,,,,,,,"false","false",,,,"93",
"d102be9e-5548-4691-9f99-b532afbc2c97","e8f769cb-896f-4b98-b05d-6eaf87346a2a","/sources/locations/catalogItems/attributes","tableAttribute","name",,"STRING",,,,"4",,,,,,,,,"false","false",,,,"93",
"f2311362-4371-4bdc-9a68-c87a0a4dea4f","e8f769cb-896f-4b98-b05d-6eaf87346a2a","/sources/locations/catalogItems/attributes","tableAttribute","rowguid",,"STRING",,,,"5",,,,,,,,,"false","false",,,,"93",
"82f465f4-d5c8-4061-ae02-4fba368a5a65","e8f769cb-896f-4b98-b05d-6eaf87346a2a","/sources/locations/catalogItems/attributes","tableAttribute","salespersonid",,"LONG",,,,"6",,,,,,,,,"false","false",,,,"93",
"e20b53d7-5c5d-4e32-9a4f-b3bf80161219","8d6e8c98-4ec1-4ea7-a396-d8acf4990a16","/sources/locations/catalogItems/attributes","tableAttribute","addressline1",,"STRING",,,,"1",,,,,,,,,"false","false",,,,"93",
"40e36ee0-908c-434d-b965-01b011dff870","8d6e8c98-4ec1-4ea7-a396-d8acf4990a16","/sources/locations/catalogItems/attributes","tableAttribute","addressline2",,"STRING",,,,"2",,,,,,,,,"false","false",,,,"93",
"2e2c1180-139f-4fe3-8417-46f8f584c531","8d6e8c98-4ec1-4ea7-a396-d8acf4990a16","/sources/locations/catalogItems/attributes","tableAttribute","addresstype",,"STRING",,,,"3",,,,,,,,,"false","false",,,,"93",
"2056cb0d-2bac-4cf2-b805-713e22d7b09b","8d6e8c98-4ec1-4ea7-a396-d8acf4990a16","/sources/locations/catalogItems/attributes","tableAttribute","businessentityid",,"LONG",,,,"4",,,,,,,,,"false","false",,,,"93",
"8618e1bc-da31-419f-9f47-41f5ad3e249c","8d6e8c98-4ec1-4ea7-a396-d8acf4990a16","/sources/locations/catalogItems/attributes","tableAttribute","city",,"STRING",,,,"5",,,,,,,,,"false","false",,,,"93",
"7bf0ef08-9316-4905-b8da-21cc09563603","8d6e8c98-4ec1-4ea7-a396-d8acf4990a16","/sources/locations/catalogItems/attributes","tableAttribute","countryregionname",,"STRING",,,,"6",,,,,,,,,"false","false",,,,"93",
"1d45bf46-f79d-40bd-9097-1b7290f54447","8d6e8c98-4ec1-4ea7-a396-d8acf4990a16","/sources/locations/catalogItems/attributes","tableAttribute","demographics",,"STRING",,,,"7",,,,,,,,,"false","false",,,,"93",
"bd779ff1-9656-425b-b801-580b5f3580ea","8d6e8c98-4ec1-4ea7-a396-d8acf4990a16","/sources/locations/catalogItems/attributes","tableAttribute","emailaddress",,"STRING",,,,"8",,,,,,,,,"false","false",,,,"93",
"95237584-4bde-4546-8e26-b883518aebda","8d6e8c98-4ec1-4ea7-a396-d8acf4990a16","/sources/locations/catalogItems/attributes","tableAttribute","emailpromotion",,"LONG",,,,"9",,,,,,,,,"false","false",,,,"93",
"b464a77c-0b8e-4a25-9871-ee543986e531","8d6e8c98-4ec1-4ea7-a396-d8acf4990a16","/sources/locations/catalogItems/attributes","tableAttribute","firstname",,"STRING",,,,"10",,,,,,,,,"false","false",,,,"93",
"f260f1cb-df6a-4658-b9d8-bc45e88eb8ff","8d6e8c98-4ec1-4ea7-a396-d8acf4990a16","/sources/locations/catalogItems/attributes","tableAttribute","lastname",,"STRING",,,,"11",,,,,,,,,"false","false",,,,"93",
"5fa8c522-3691-44cf-8ea6-5818192e6579","8d6e8c98-4ec1-4ea7-a396-d8acf4990a16","/sources/locations/catalogItems/attributes","tableAttribute","middlename",,"STRING",,,,"12",,,,,,,,,"false","false",,,,"93",
"42073093-5cdc-4194-bdba-65d8909ecea1","8d6e8c98-4ec1-4ea7-a396-d8acf4990a16","/sources/locations/catalogItems/attributes","tableAttribute","phonenumber",,"STRING",,,,"13",,,,,,,,,"false","false",,,,"93",
"355ae8ef-a450-4313-8af8-34aa78e784db","8d6e8c98-4ec1-4ea7-a396-d8acf4990a16","/sources/locations/catalogItems/attributes","tableAttribute","phonenumbertype",,"STRING",,,,"14",,,,,,,,,"false","false",,,,"93",
"461c9a7a-d756-4e40-9119-692d596e2e40","8d6e8c98-4ec1-4ea7-a396-d8acf4990a16","/sources/locations/catalogItems/attributes","tableAttribute","postalcode",,"STRING",,,,"15",,,,,,,,,"false","false",,,,"93",
"c4a718be-d22d-40cb-8273-2f443324c3b1","8d6e8c98-4ec1-4ea7-a396-d8acf4990a16","/sources/locations/catalogItems/attributes","tableAttribute","stateprovincename",,"STRING",,,,"16",,,,,,,,,"false","false",,,,"93",
"6d047d97-fee1-4d4a-8458-9521a7fde155","8d6e8c98-4ec1-4ea7-a396-d8acf4990a16","/sources/locations/catalogItems/attributes","tableAttribute","suffix",,"STRING",,,,"17",,,,,,,,,"false","false",,,,"93",
"9d3e2681-3fd3-4a92-8b49-38b99d7d7b65","8d6e8c98-4ec1-4ea7-a396-d8acf4990a16","/sources/locations/catalogItems/attributes","tableAttribute","title",,"STRING",,,,"18",,,,,,,,,"false","false",,,,"93",
"352d9203-a5ba-4e41-9914-e6da30a412e2","7580c50e-61a6-4326-9843-f714a7f13e79","/sources/locations/catalogItems/attributes","tableAttribute","birthdate",,"DAY",,,,"1",,,,,,,,,"false","false",,,,"93",
"c2f55cc6-bc24-4d73-9e2e-a85d4c678f99","7580c50e-61a6-4326-9843-f714a7f13e79","/sources/locations/catalogItems/attributes","tableAttribute","businessentityid",,"LONG",,,,"2",,,,,,,,,"false","false",,,,"93",
"74dd151b-7073-4d35-b30f-697c0dfd4a6e","7580c50e-61a6-4326-9843-f714a7f13e79","/sources/locations/catalogItems/attributes","tableAttribute","datefirstpurchase",,"DAY",,,,"3",,,,,,,,,"false","false",,,,"93",
"fb1e725e-dcdb-469f-9af8-e572f4cf337a","7580c50e-61a6-4326-9843-f714a7f13e79","/sources/locations/catalogItems/attributes","tableAttribute","education",,"STRING",,,,"4",,,,,,,,,"false","false",,,,"93",
"ef85d923-0ab2-4952-bd1b-46106c335a07","7580c50e-61a6-4326-9843-f714a7f13e79","/sources/locations/catalogItems/attributes","tableAttribute","gender",,"STRING",,,,"5",,,,,,,,,"false","false",,,,"93",
"d313100a-89c2-4958-be3b-08b5b2f1e1eb","7580c50e-61a6-4326-9843-f714a7f13e79","/sources/locations/catalogItems/attributes","tableAttribute","homeownerflag",,"BOOLEAN",,,,"6",,,,,,,,,"false","false",,,,"93",
"7ca2a9c1-e1de-459e-b551-7ef2a0384783","7580c50e-61a6-4326-9843-f714a7f13e79","/sources/locations/catalogItems/attributes","tableAttribute","maritalstatus",,"STRING",,,,"7",,,,,,,,,"false","false",,,,"93",
"cc21585d-eda0-47d8-b080-8c04540498d5","7580c50e-61a6-4326-9843-f714a7f13e79","/sources/locations/catalogItems/attributes","tableAttribute","numbercarsowned",,"LONG",,,,"8",,,,,,,,,"false","false",,,,"93",
"05a8fe54-402f-4c93-9594-00418c8bcae8","7580c50e-61a6-4326-9843-f714a7f13e79","/sources/locations/catalogItems/attributes","tableAttribute","numberchildrenathome",,"LONG",,,,"9",,,,,,,,,"false","false",,,,"93",
"ce23fec0-46b1-48b7-b7b6-ffd00b46558d","7580c50e-61a6-4326-9843-f714a7f13e79","/sources/locations/catalogItems/attributes","tableAttribute","occupation",,"STRING",,,,"10",,,,,,,,,"false","false",,,,"93",
"dff0c3d7-ee08-495b-8a69-bbb23250db75","7580c50e-61a6-4326-9843-f714a7f13e79","/sources/locations/catalogItems/attributes","tableAttribute","totalchildren",,"LONG",,,,"11",,,,,,,,,"false","false",,,,"93",
"04e03022-bebd-4f61-a659-87ffbdbc32ac","7580c50e-61a6-4326-9843-f714a7f13e79","/sources/locations/catalogItems/attributes","tableAttribute","totalpurchaseytd",,"FLOAT",,,,"12",,,,,,,,,"false","false",,,,"93",
"290ba29d-e25e-4b34-bb7d-f880c1d8e00d","7580c50e-61a6-4326-9843-f714a7f13e79","/sources/locations/catalogItems/attributes","tableAttribute","yearlyincome",,"STRING",,,,"13",,,,,,,,,"false","false",,,,"93",
"eb4e01f2-5a58-4bee-b371-c66d839fdf19","710a4b58-1084-4b53-af02-97561c8d340b","/sources/locations/catalogItems/attributes","tableAttribute","addressline1",,"STRING",,,,"1",,,,,,,,,"false","false",,,,"93",
"6c1e1b82-7677-4cc7-be77-e37d6ad5b650","710a4b58-1084-4b53-af02-97561c8d340b","/sources/locations/catalogItems/attributes","tableAttribute","addressline2",,"STRING",,,,"2",,,,,,,,,"false","false",,,,"93",
"8a086cfc-456a-4547-b6fd-74cd71016221","710a4b58-1084-4b53-af02-97561c8d340b","/sources/locations/catalogItems/attributes","tableAttribute","businessentityid",,"LONG",,,,"3",,,,,,,,,"false","false",,,,"93",
"7d17cb37-d084-4348-940a-48217907e566","710a4b58-1084-4b53-af02-97561c8d340b","/sources/locations/catalogItems/attributes","tableAttribute","city",,"STRING",,,,"4",,,,,,,,,"false","false",,,,"93",
"a1f27b2d-d614-477d-b7be-1f98b004ed00","710a4b58-1084-4b53-af02-97561c8d340b","/sources/locations/catalogItems/attributes","tableAttribute","countryregionname",,"STRING",,,,"5",,,,,,,,,"false","false",,,,"93",
"d3acc1ff-822c-4dfe-b5ce-263b73f3e6d4","710a4b58-1084-4b53-af02-97561c8d340b","/sources/locations/catalogItems/attributes","tableAttribute","emailaddress",,"STRING",,,,"6",,,,,,,,,"false","false",,,,"93",
"318d2f08-976b-48ea-8732-c57a321f1387","710a4b58-1084-4b53-af02-97561c8d340b","/sources/locations/catalogItems/attributes","tableAttribute","emailpromotion",,"LONG",,,,"7",,,,,,,,,"false","false",,,,"93",
"8a680485-e819-4f6c-a52e-623eccdc909f","710a4b58-1084-4b53-af02-97561c8d340b","/sources/locations/catalogItems/attributes","tableAttribute","firstname",,"STRING",,,,"8",,,,,,,,,"false","false",,,,"93",
"f88a89e9-25be-424d-928e-efa32d848cfd","710a4b58-1084-4b53-af02-97561c8d340b","/sources/locations/catalogItems/attributes","tableAttribute","jobtitle",,"STRING",,,,"9",,,,,,,,,"false","false",,,,"93",
"c8348db3-116f-42b1-ac89-5be6609b7bd4","710a4b58-1084-4b53-af02-97561c8d340b","/sources/locations/catalogItems/attributes","tableAttribute","lastname",,"STRING",,,,"10",,,,,,,,,"false","false",,,,"93",
"7348578d-9520-4898-8ba6-d9994fc0f745","710a4b58-1084-4b53-af02-97561c8d340b","/sources/locations/catalogItems/attributes","tableAttribute","middlename",,"STRING",,,,"11",,,,,,,,,"false","false",,,,"93",
"b0b2a5f4-5d29-4f50-afe0-4923a1b57922","710a4b58-1084-4b53-af02-97561c8d340b","/sources/locations/catalogItems/attributes","tableAttribute","phonenumber",,"STRING",,,,"12",,,,,,,,,"false","false",,,,"93",
"ef8f586c-d9f9-464c-bce1-7647fbaefe69","710a4b58-1084-4b53-af02-97561c8d340b","/sources/locations/catalogItems/attributes","tableAttribute","phonenumbertype",,"STRING",,,,"13",,,,,,,,,"false","false",,,,"93",
"0a63f57a-b5d1-4097-8437-b0bbbe45d89e","710a4b58-1084-4b53-af02-97561c8d340b","/sources/locations/catalogItems/attributes","tableAttribute","postalcode",,"STRING",,,,"14",,,,,,,,,"false","false",,,,"93",
"7709db4a-e47c-46aa-af34-b59941ec7ced","710a4b58-1084-4b53-af02-97561c8d340b","/sources/locations/catalogItems/attributes","tableAttribute","saleslastyear",,"LONG",,,,"15",,,,,,,,,"false","false",,,,"93",
"787ee5cc-fb7c-490a-8ee6-cb91ad5cfae3","710a4b58-1084-4b53-af02-97561c8d340b","/sources/locations/catalogItems/attributes","tableAttribute","salesquota",,"LONG",,,,"16",,,,,,,,,"false","false",,,,"93",
"b2d49cf5-6adb-41e7-b6bc-fefb577ff0a2","710a4b58-1084-4b53-af02-97561c8d340b","/sources/locations/catalogItems/attributes","tableAttribute","salesytd",,"LONG",,,,"17",,,,,,,,,"false","false",,,,"93",
"58db959c-1094-430a-9846-8a754c1f1864","710a4b58-1084-4b53-af02-97561c8d340b","/sources/locations/catalogItems/attributes","tableAttribute","stateprovincename",,"STRING",,,,"18",,,,,,,,,"false","false",,,,"93",
"e15e9a5a-0ba3-48a0-985e-6218831c3214","710a4b58-1084-4b53-af02-97561c8d340b","/sources/locations/catalogItems/attributes","tableAttribute","suffix",,"STRING",,,,"19",,,,,,,,,"false","false",,,,"93",
"55358b9d-18af-4d73-8f10-1490377432b1","710a4b58-1084-4b53-af02-97561c8d340b","/sources/locations/catalogItems/attributes","tableAttribute","territorygroup",,"STRING",,,,"20",,,,,,,,,"false","false",,,,"93",
"b7d2a6b2-3011-4e79-9df7-6cefc9ec4608","710a4b58-1084-4b53-af02-97561c8d340b","/sources/locations/catalogItems/attributes","tableAttribute","territoryname",,"STRING",,,,"21",,,,,,,,,"false","false",,,,"93",
"8920ef14-cfa6-4a43-b6d5-b7c55871bd20","710a4b58-1084-4b53-af02-97561c8d340b","/sources/locations/catalogItems/attributes","tableAttribute","title",,"STRING",,,,"22",,,,,,,,,"false","false",,,,"93",
"ed81c706-2850-40c4-97d4-88fc3b82e759","90add36c-bd15-4cc8-ad83-65dbca657b22","/sources/locations/catalogItems/attributes","tableAttribute","2012",,"FLOAT",,,,"1",,,,,,,,,"false","false",,,,"93",
"1e44dec4-8b6f-4c2f-8976-e267575bf374","90add36c-bd15-4cc8-ad83-65dbca657b22","/sources/locations/catalogItems/attributes","tableAttribute","2013",,"FLOAT",,,,"2",,,,,,,,,"false","false",,,,"93",
"a1f7ad76-183c-4ccd-af2b-d3ceb7aa5b9a","90add36c-bd15-4cc8-ad83-65dbca657b22","/sources/locations/catalogItems/attributes","tableAttribute","2014",,"FLOAT",,,,"3",,,,,,,,,"false","false",,,,"93",
"ef82a9cd-7737-43f7-830d-3b2fe3cb85b8","90add36c-bd15-4cc8-ad83-65dbca657b22","/sources/locations/catalogItems/attributes","tableAttribute","FullName",,"STRING",,,,"4",,,,,,,,,"false","false",,,,"93",
"5750fd99-90dc-4407-82b2-377da4429bbd","90add36c-bd15-4cc8-ad83-65dbca657b22","/sources/locations/catalogItems/attributes","tableAttribute","JobTitle",,"STRING",,,,"5",,,,,,,,,"false","false",,,,"93",
"d3dbdcac-2294-4cea-8a03-7bdcdab0fe7a","90add36c-bd15-4cc8-ad83-65dbca657b22","/sources/locations/catalogItems/attributes","tableAttribute","SalesPersonID",,"LONG",,,,"6",,,,,,,,,"false","false",,,,"93",
"1d53411c-6cb1-4844-ae5f-5a0ddf23feb8","90add36c-bd15-4cc8-ad83-65dbca657b22","/sources/locations/catalogItems/attributes","tableAttribute","SalesTerritory",,"STRING",,,,"7",,,,,,,,,"false","false",,,,"93",
"07a0b94d-342b-43aa-a4d9-39d7414d0af4","e662f5a9-3dcf-4705-93b7-155afeebade0","/sources/locations/catalogItems/attributes","tableAttribute","fiscalyear",,"FLOAT",,,,"1",,,,,,,,,"false","false",,,,"93",
"0b1d1a9f-4144-4d8e-881a-3d5666de0a36","e662f5a9-3dcf-4705-93b7-155afeebade0","/sources/locations/catalogItems/attributes","tableAttribute","fullname",,"STRING",,,,"2",,,,,,,,,"false","false",,,,"93",
"85611dfb-7285-40b6-b712-0eda1a76a486","e662f5a9-3dcf-4705-93b7-155afeebade0","/sources/locations/catalogItems/attributes","tableAttribute","jobtitle",,"STRING",,,,"3",,,,,,,,,"false","false",,,,"93",
"c251f119-a6b1-46fd-bb89-2a2c6551b24f","e662f5a9-3dcf-4705-93b7-155afeebade0","/sources/locations/catalogItems/attributes","tableAttribute","salespersonid",,"LONG",,,,"4",,,,,,,,,"false","false",,,,"93",
"c385a583-e54c-41a9-a4f9-c1c70534436e","e662f5a9-3dcf-4705-93b7-155afeebade0","/sources/locations/catalogItems/attributes","tableAttribute","salesterritory",,"STRING",,,,"5",,,,,,,,,"false","false",,,,"93",
"72cef2c9-4b6d-41c5-9552-a7be5cd221ba","e662f5a9-3dcf-4705-93b7-155afeebade0","/sources/locations/catalogItems/attributes","tableAttribute","salestotal",,"LONG",,,,"6",,,,,,,,,"false","false",,,,"93",
"88ff65a3-b7bb-4213-8bd1-b11e35f062bb","54efae99-3a73-41e6-8db4-e3d63f8d1712","/sources/locations/catalogItems/attributes","tableAttribute","addressline1",,"STRING",,,,"1",,,,,,,,,"false","false",,,,"93",
"9d4cf1e5-d686-4b46-9000-27fe54ecad61","54efae99-3a73-41e6-8db4-e3d63f8d1712","/sources/locations/catalogItems/attributes","tableAttribute","addressline2",,"STRING",,,,"2",,,,,,,,,"false","false",,,,"93",
"2185908a-e57d-4810-b614-c2c3fc9b051d","54efae99-3a73-41e6-8db4-e3d63f8d1712","/sources/locations/catalogItems/attributes","tableAttribute","addresstype",,"STRING",,,,"3",,,,,,,,,"false","false",,,,"93",
"7a4bd683-2fcb-4e27-8f0a-b4a60d3249b8","54efae99-3a73-41e6-8db4-e3d63f8d1712","/sources/locations/catalogItems/attributes","tableAttribute","businessentityid",,"LONG",,,,"4",,,,,,,,,"false","false",,,,"93",
"ee0c261e-caba-4523-8304-9e00062910f1","54efae99-3a73-41e6-8db4-e3d63f8d1712","/sources/locations/catalogItems/attributes","tableAttribute","city",,"STRING",,,,"5",,,,,,,,,"false","false",,,,"93",
"2828c4f5-747a-4124-a91e-5981fa194753","54efae99-3a73-41e6-8db4-e3d63f8d1712","/sources/locations/catalogItems/attributes","tableAttribute","countryregionname",,"STRING",,,,"6",,,,,,,,,"false","false",,,,"93",
"9e611646-5527-41fd-97ca-4e53b3363e40","54efae99-3a73-41e6-8db4-e3d63f8d1712","/sources/locations/catalogItems/attributes","tableAttribute","name",,"STRING",,,,"7",,,,,,,,,"false","false",,,,"93",
"bea3baae-7330-4927-b99f-1d3c781692df","54efae99-3a73-41e6-8db4-e3d63f8d1712","/sources/locations/catalogItems/attributes","tableAttribute","postalcode",,"STRING",,,,"8",,,,,,,,,"false","false",,,,"93",
"0cc440aa-61e5-4316-887d-d4c2a6578489","54efae99-3a73-41e6-8db4-e3d63f8d1712","/sources/locations/catalogItems/attributes","tableAttribute","stateprovincename",,"STRING",,,,"9",,,,,,,,,"false","false",,,,"93",
"7eb71293-f837-4657-8904-655067c93f19","6f190be2-e7b3-4db6-abf6-1dc32c83bde0","/sources/locations/catalogItems/attributes","tableAttribute","businessentityid",,"LONG",,,,"1",,,,,,,,,"false","false",,,,"93",
"d98b5665-cbd3-4ab5-8722-73329e7d806a","6f190be2-e7b3-4db6-abf6-1dc32c83bde0","/sources/locations/catalogItems/attributes","tableAttribute","contacttype",,"STRING",,,,"2",,,,,,,,,"false","false",,,,"93",
"9a6c0aea-87d5-457d-afde-c041e233dedf","6f190be2-e7b3-4db6-abf6-1dc32c83bde0","/sources/locations/catalogItems/attributes","tableAttribute","emailaddress",,"STRING",,,,"3",,,,,,,,,"false","false",,,,"93",
"c6a018c1-a473-4534-b74b-9b60c942f066","6f190be2-e7b3-4db6-abf6-1dc32c83bde0","/sources/locations/catalogItems/attributes","tableAttribute","emailpromotion",,"LONG",,,,"4",,,,,,,,,"false","false",,,,"93",
"7c49f3d5-5bbb-40e1-b58c-c66cbdda3033","6f190be2-e7b3-4db6-abf6-1dc32c83bde0","/sources/locations/catalogItems/attributes","tableAttribute","firstname",,"STRING",,,,"5",,,,,,,,,"false","false",,,,"93",
"3189a206-5dc3-48a1-9eaf-ae1332f5abbe","6f190be2-e7b3-4db6-abf6-1dc32c83bde0","/sources/locations/catalogItems/attributes","tableAttribute","lastname",,"STRING",,,,"6",,,,,,,,,"false","false",,,,"93",
"e2e2a028-89ac-4f16-9a11-dd6d2666691b","6f190be2-e7b3-4db6-abf6-1dc32c83bde0","/sources/locations/catalogItems/attributes","tableAttribute","middlename",,"STRING",,,,"7",,,,,,,,,"false","false",,,,"93",
"21b83a09-d04a-4ab9-a8c1-9db229b17f49","6f190be2-e7b3-4db6-abf6-1dc32c83bde0","/sources/locations/catalogItems/attributes","tableAttribute","name",,"STRING",,,,"8",,,,,,,,,"false","false",,,,"93",
"bbab185a-7367-4a14-a90c-f37507ca273b","6f190be2-e7b3-4db6-abf6-1dc32c83bde0","/sources/locations/catalogItems/attributes","tableAttribute","phonenumber",,"STRING",,,,"9",,,,,,,,,"false","false",,,,"93",
"6b16eadc-8939-4e9c-a636-66f5b80be2ee","6f190be2-e7b3-4db6-abf6-1dc32c83bde0","/sources/locations/catalogItems/attributes","tableAttribute","phonenumbertype",,"STRING",,,,"10",,,,,,,,,"false","false",,,,"93",
"bb00470c-41cc-410c-a695-1909b1651323","6f190be2-e7b3-4db6-abf6-1dc32c83bde0","/sources/locations/catalogItems/attributes","tableAttribute","suffix",,"STRING",,,,"11",,,,,,,,,"false","false",,,,"93",
"732cbf48-e3a9-4766-915f-ae0c1fae29f0","6f190be2-e7b3-4db6-abf6-1dc32c83bde0","/sources/locations/catalogItems/attributes","tableAttribute","title",,"STRING",,,,"12",,,,,,,,,"false","false",,,,"93",
"4848a4c9-c0f6-4cf9-9ebf-7c7b81e3a103","595a42d5-8da0-4cc0-8e1c-f494dca50b9d","/sources/locations/catalogItems/attributes","tableAttribute","AnnualRevenue",,"FLOAT",,,,"1",,,,,,,,,"false","false",,,,"93",
"79e3d8ef-8913-4624-92c2-9ea6628d7a3b","595a42d5-8da0-4cc0-8e1c-f494dca50b9d","/sources/locations/catalogItems/attributes","tableAttribute","AnnualSales",,"FLOAT",,,,"2",,,,,,,,,"false","false",,,,"93",
"2d98a276-4713-491f-b898-3ee5b717d83f","595a42d5-8da0-4cc0-8e1c-f494dca50b9d","/sources/locations/catalogItems/attributes","tableAttribute","BankName",,"STRING",,,,"3",,,,,,,,,"false","false",,,,"93",
"586b3203-7198-4754-8494-34ec2d2ee811","595a42d5-8da0-4cc0-8e1c-f494dca50b9d","/sources/locations/catalogItems/attributes","tableAttribute","Brands",,"STRING",,,,"4",,,,,,,,,"false","false",,,,"93",
"2ff0a9fe-faa6-434b-80de-7d5a092b5d17","595a42d5-8da0-4cc0-8e1c-f494dca50b9d","/sources/locations/catalogItems/attributes","tableAttribute","BusinessType",,"STRING",,,,"5",,,,,,,,,"false","false",,,,"93",
"da821f97-a963-4bb1-bb58-14290f2a6a4e","595a42d5-8da0-4cc0-8e1c-f494dca50b9d","/sources/locations/catalogItems/attributes","tableAttribute","Internet",,"STRING",,,,"6",,,,,,,,,"false","false",,,,"93",
"275f4bf3-0d68-467d-be06-bf85690f714d","595a42d5-8da0-4cc0-8e1c-f494dca50b9d","/sources/locations/catalogItems/attributes","tableAttribute","NumberEmployees",,"LONG",,,,"7",,,,,,,,,"false","false",,,,"93",
"b06cc9ab-48b3-44a0-8768-c2ddc2c5b840","595a42d5-8da0-4cc0-8e1c-f494dca50b9d","/sources/locations/catalogItems/attributes","tableAttribute","Specialty",,"STRING",,,,"8",,,,,,,,,"false","false",,,,"93",
"deeea77b-1de7-448f-81ee-d7cefab43cc4","595a42d5-8da0-4cc0-8e1c-f494dca50b9d","/sources/locations/catalogItems/attributes","tableAttribute","SquareFeet",,"LONG",,,,"9",,,,,,,,,"false","false",,,,"93",
"f50a3703-d103-409b-8fd2-8b30d2095857","595a42d5-8da0-4cc0-8e1c-f494dca50b9d","/sources/locations/catalogItems/attributes","tableAttribute","YearOpened",,"LONG",,,,"10",,,,,,,,,"false","false",,,,"93",
"8451d8fd-018f-448d-8182-cd82e0fecab2","595a42d5-8da0-4cc0-8e1c-f494dca50b9d","/sources/locations/catalogItems/attributes","tableAttribute","businessentityid",,"LONG",,,,"11",,,,,,,,,"false","false",,,,"93",
"2b376e17-2535-4755-acc2-b38e7c734fbc","595a42d5-8da0-4cc0-8e1c-f494dca50b9d","/sources/locations/catalogItems/attributes","tableAttribute","name",,"STRING",,,,"12",,,,,,,,,"false","false",,,,"93",
"8d28e546-50bc-423a-aaf1-423c69760c97","e4192294-1199-40f3-9d15-96f526aba808","/sources/locations/catalogItems/attributes","tableAttribute","column_1",,"STRING",,,,"1",,,,,,,,,"false","false",,,,"93",
"0b9904df-e761-47c6-9412-b104961bdbcc","e4192294-1199-40f3-9d15-96f526aba808","/sources/locations/catalogItems/attributes","tableAttribute","column_2",,"LONG",,,,"2",,,,,,,,,"false","false",,,,"93",
"378a59a8-9537-4cdd-b81d-f0ad490aa7e8","e4192294-1199-40f3-9d15-96f526aba808","/sources/locations/catalogItems/attributes","tableAttribute","column_3",,"LONG",,,,"3",,,,,,,,,"false","false",,,,"93",
"a23e8e9b-2779-4f93-8a7c-cad65c6871c1","e4192294-1199-40f3-9d15-96f526aba808","/sources/locations/catalogItems/attributes","tableAttribute","anomalous",,"BOOLEAN",,,,"4",,,,,,,,,"false","false",,,,"93",
"7e1c064f-8f56-4555-a0c0-1582f83165f4","45ba449c-f559-4dd4-afe1-1f3c8a6bace4","/sources/locations/catalogItems/attributes","tableAttribute","switch",,"STRING",,,,"1",,,,,,,,,"false","false",,,,"93",
"391f063b-bf60-4b5a-8e3f-b6912552df39","aebc08e3-bc48-4c63-a1a0-81b34dde2d72","/sources/locations/catalogItems/attributes","tableAttribute","bundle","text","STRING","",,"true","1",,,,,,"2147483647","0",,"false","false","true",,,"321",
"8f0da970-fc52-4abf-9641-dcbb4c1d445f","aebc08e3-bc48-4c63-a1a0-81b34dde2d72","/sources/locations/catalogItems/attributes","tableAttribute","version","text","STRING","",,"true","2",,,,,,"2147483647","0",,"false","false","true",,,"321",
"4e88c774-f1d7-4cb0-a680-dea418e76af0","5f0a70a6-35e7-4866-80bb-89dca2b08ac5","/sources/locations/catalogItems/attributes","tableAttribute","app_bundle","text","STRING","",,"true","2",,,,,,"2147483647","0",,"false","false","true",,,"321",
"7d93ec2c-dd98-4e9d-ab77-98286f08162f","5f0a70a6-35e7-4866-80bb-89dca2b08ac5","/sources/locations/catalogItems/attributes","tableAttribute","app_owner_id","text","STRING","",,"true","1",,,,,,"2147483647","0",,"false","false","true",,,"321",
"b6bb14d7-38c3-4d37-972f-edabeb1c2d0f","5f0a70a6-35e7-4866-80bb-89dca2b08ac5","/sources/locations/catalogItems/attributes","tableAttribute","app_version","text","STRING","",,"true","3",,,,,,"2147483647","0",,"false","false","true",,,"321",
"d380efcc-bdc2-43ae-8b7a-55fcb06e8e5e","8d061db1-2ac9-4424-8dc4-58ed099f31ff","/sources/locations/catalogItems/attributes","tableAttribute","car_owner_code","text","STRING","",,"true","2",,,,,,"2147483647","0",,"false","false","true",,,"321",
"2b33d3c2-5e5d-4b42-a30e-67fed0cc1b8e","8d061db1-2ac9-4424-8dc4-58ed099f31ff","/sources/locations/catalogItems/attributes","tableAttribute","car_vin","text","STRING","",,"true","1",,,,,,"2147483647","0",,"false","false","true",,,"321",
"b1ed44fc-2f66-434e-b7d2-a2f27f568387","f0a239e4-ddeb-411c-9740-ab07c328272d","/sources/locations/catalogItems/attributes","tableAttribute","company","text","STRING","",,"true","2",,,,,,"2147483647","0",,"false","false","true",,,"321",
"cd456b86-157f-4432-b5df-c5602d5b9af5","f0a239e4-ddeb-411c-9740-ab07c328272d","/sources/locations/catalogItems/attributes","tableAttribute","employee_id","text","STRING","",,"true","1",,,,,,"2147483647","0",,"false","false","true",,,"321",
"513c9de6-d421-48d6-9e39-56dc90fa9698","f0a239e4-ddeb-411c-9740-ab07c328272d","/sources/locations/catalogItems/attributes","tableAttribute","map_code_of_person","text","STRING","",,"true","3",,,,,,"2147483647","0",,"false","false","true",,,"321",
"25206606-a015-4da2-b470-2c0f7d1de5a4","b0bf8c87-5172-4f2d-8fd3-279dccd68d31","/sources/locations/catalogItems/attributes","tableAttribute","first_name","text","STRING","",,"true","2",,,,,,"2147483647","0",,"false","false","true",,,"321",
"2a65d796-058b-495e-b07a-6de3dc30f61b","b0bf8c87-5172-4f2d-8fd3-279dccd68d31","/sources/locations/catalogItems/attributes","tableAttribute","last_name","text","STRING","",,"true","3",,,,,,"2147483647","0",,"false","false","true",,,"321",
"a3e2aa6d-15dc-4600-a23d-b25fcd9d180e","b0bf8c87-5172-4f2d-8fd3-279dccd68d31","/sources/locations/catalogItems/attributes","tableAttribute","personal_code","text","STRING","",,"true","1",,,,,,"2147483647","0",,"false","false","true",,,"321",
"1113c3ca-b690-4181-bd50-d6b4d046899b","ddeba2d7-b8b0-4c59-a0e9-c136c7d23c30","/sources/workspace/catalogItems/attributes","attribute","name",,"STRING",,,,"3",,,,,,,,,,,,,,"93",
"aa58b72d-9e8e-4ea5-a0b9-9a8445446196","ddeba2d7-b8b0-4c59-a0e9-c136c7d23c30","/sources/workspace/catalogItems/attributes","attribute","rowguid",,"STRING",,,,"4",,,,,,,,,,,,,,"93",
"e54bc83d-9327-4495-ba43-2aeb06890d13","ddeba2d7-b8b0-4c59-a0e9-c136c7d23c30","/sources/workspace/catalogItems/attributes","attribute","modifieddate",,"DATETIME",,,,"2",,,,,,,,,,,,,,"93",
"9bef428e-05fe-4465-aff2-de57013d667b","ddeba2d7-b8b0-4c59-a0e9-c136c7d23c30","/sources/workspace/catalogItems/attributes","attribute","addresstypeid",,"LONG",,,,"1",,,,,,,,,,,,,,"93",
